<?xml version="1.0" encoding="UTF-8"?>
<metadata modelVersion="1.1.0">
  <groupId>cn.yj</groupId>
  <artifactId>annotation-pagehelper</artifactId>
  <version>0.0.2-SNAPSHOT</version>
  <versioning>
    <snapshot>
      <timestamp>20201115.074405</timestamp>
      <buildNumber>1</buildNumber>
    </snapshot>
    <lastUpdated>20201115074405</lastUpdated>
    <snapshotVersions>
      <snapshotVersion>
        <extension>jar</extension>
        <value>0.0.2-20201115.074405-1</value>
        <updated>20201115074405</updated>
      </snapshotVersion>
      <snapshotVersion>
        <extension>pom</extension>
        <value>0.0.2-20201115.074405-1</value>
        <updated>20201115074405</updated>
      </snapshotVersion>
    </snapshotVersions>
  </versioning>
</metadata>
