<?xml version="1.0" encoding="UTF-8"?>
<metadata modelVersion="1.1.0">
  <groupId>cn.yj</groupId>
  <artifactId>tools-exception</artifactId>
  <version>0.0.1-SNAPSHOT</version>
  <versioning>
    <snapshot>
      <timestamp>20201112.064440</timestamp>
      <buildNumber>1</buildNumber>
    </snapshot>
    <lastUpdated>20201112064440</lastUpdated>
    <snapshotVersions>
      <snapshotVersion>
        <extension>jar</extension>
        <value>0.0.1-20201112.064440-1</value>
        <updated>20201112064440</updated>
      </snapshotVersion>
      <snapshotVersion>
        <extension>pom</extension>
        <value>0.0.1-20201112.064440-1</value>
        <updated>20201112064440</updated>
      </snapshotVersion>
    </snapshotVersions>
  </versioning>
</metadata>
