<?xml version="1.0" encoding="UTF-8"?>
<metadata modelVersion="1.1.0">
  <groupId>cn.yj</groupId>
  <artifactId>service-params-check</artifactId>
  <version>0.0.1-SNAPSHOT</version>
  <versioning>
    <snapshot>
      <timestamp>20201115.074350</timestamp>
      <buildNumber>2</buildNumber>
    </snapshot>
    <lastUpdated>20201115074350</lastUpdated>
    <snapshotVersions>
      <snapshotVersion>
        <extension>jar</extension>
        <value>0.0.1-20201115.074350-2</value>
        <updated>20201115074350</updated>
      </snapshotVersion>
      <snapshotVersion>
        <extension>pom</extension>
        <value>0.0.1-20201115.074350-2</value>
        <updated>20201115074350</updated>
      </snapshotVersion>
    </snapshotVersions>
  </versioning>
</metadata>
