<?xml version="1.0" encoding="UTF-8"?>
<metadata modelVersion="1.1.0">
  <groupId>cn.yj</groupId>
  <artifactId>annotation-pagehelper</artifactId>
  <version>0.0.1-SNAPSHOT</version>
  <versioning>
    <snapshot>
      <timestamp>20201116.065321</timestamp>
      <buildNumber>5</buildNumber>
    </snapshot>
    <lastUpdated>20201116065321</lastUpdated>
    <snapshotVersions>
      <snapshotVersion>
        <extension>jar</extension>
        <value>0.0.1-20201116.065321-5</value>
        <updated>20201116065321</updated>
      </snapshotVersion>
      <snapshotVersion>
        <extension>pom</extension>
        <value>0.0.1-20201116.065321-5</value>
        <updated>20201116065321</updated>
      </snapshotVersion>
    </snapshotVersions>
  </versioning>
</metadata>
