<?xml version="1.0" encoding="UTF-8"?>
<metadata>
  <groupId>cn.yj.tools</groupId>
  <artifactId>tools-common-utils</artifactId>
  <versioning>
    <release>0.0.5</release>
    <versions>
      <version>0.0.1</version>
      <version>0.1.0</version>
      <version>0.1.1</version>
      <version>0.1.2</version>
      <version>0.0.2</version>
      <version>0.0.3</version>
      <version>0.0.4</version>
      <version>0.0.5</version>
    </versions>
    <lastUpdated>20210129021459</lastUpdated>
  </versioning>
</metadata>
