/*
 Navicat Premium Data Transfer

 Source Server         : 127.0.0.1
 Source Server Type    : MySQL
 Source Server Version : 50728
 Source Host           : localhost:3306
 Source Schema         : activiti_db

 Target Server Type    : MySQL
 Target Server Version : 50728
 File Encoding         : 65001

 Date: 10/12/2020 18:49:20
*/

SET NAMES utf8mb4;
SET FOREIGN_KEY_CHECKS = 0;

-- ----------------------------
-- Table structure for ACT_EVT_LOG
-- ----------------------------
DROP TABLE IF EXISTS `ACT_EVT_LOG`;
CREATE TABLE `ACT_EVT_LOG` (
  `LOG_NR_` bigint(20) NOT NULL AUTO_INCREMENT,
  `TYPE_` varchar(64) COLLATE utf8_bin DEFAULT NULL,
  `PROC_DEF_ID_` varchar(64) COLLATE utf8_bin DEFAULT NULL,
  `PROC_INST_ID_` varchar(64) COLLATE utf8_bin DEFAULT NULL,
  `EXECUTION_ID_` varchar(64) COLLATE utf8_bin DEFAULT NULL,
  `TASK_ID_` varchar(64) COLLATE utf8_bin DEFAULT NULL,
  `TIME_STAMP_` timestamp(3) NOT NULL DEFAULT CURRENT_TIMESTAMP(3) ON UPDATE CURRENT_TIMESTAMP(3),
  `USER_ID_` varchar(255) COLLATE utf8_bin DEFAULT NULL,
  `DATA_` longblob,
  `LOCK_OWNER_` varchar(255) COLLATE utf8_bin DEFAULT NULL,
  `LOCK_TIME_` timestamp(3) NULL DEFAULT NULL,
  `IS_PROCESSED_` tinyint(4) DEFAULT '0',
  PRIMARY KEY (`LOG_NR_`)
) ENGINE=InnoDB DEFAULT CHARSET=utf8 COLLATE=utf8_bin;

-- ----------------------------
-- Table structure for ACT_GE_BYTEARRAY
-- ----------------------------
DROP TABLE IF EXISTS `ACT_GE_BYTEARRAY`;
CREATE TABLE `ACT_GE_BYTEARRAY` (
  `ID_` varchar(64) COLLATE utf8_bin NOT NULL,
  `REV_` int(11) DEFAULT NULL,
  `NAME_` varchar(255) COLLATE utf8_bin DEFAULT NULL,
  `DEPLOYMENT_ID_` varchar(64) COLLATE utf8_bin DEFAULT NULL,
  `BYTES_` longblob,
  `GENERATED_` tinyint(4) DEFAULT NULL,
  PRIMARY KEY (`ID_`),
  KEY `ACT_FK_BYTEARR_DEPL` (`DEPLOYMENT_ID_`),
  CONSTRAINT `ACT_FK_BYTEARR_DEPL` FOREIGN KEY (`DEPLOYMENT_ID_`) REFERENCES `ACT_RE_DEPLOYMENT` (`ID_`)
) ENGINE=InnoDB DEFAULT CHARSET=utf8 COLLATE=utf8_bin;

-- ----------------------------
-- Records of ACT_GE_BYTEARRAY
-- ----------------------------
BEGIN;
INSERT INTO `ACT_GE_BYTEARRAY` VALUES ('22502', 2, 'source', NULL, 0x7B227265736F757263654964223A223232353031222C2270726F70657274696573223A7B2270726F636573735F6964223A22E6B58BE8AF95E6B581E7A88B222C226E616D65223A22222C22646F63756D656E746174696F6E223A22222C2270726F636573735F617574686F72223A22222C2270726F636573735F76657273696F6E223A22222C2270726F636573735F6E616D657370616365223A22687474703A2F2F7777772E61637469766974692E6F72672F70726F63657373646566222C22657865637574696F6E6C697374656E657273223A22222C226576656E746C697374656E657273223A22222C227369676E616C646566696E6974696F6E73223A22222C226D657373616765646566696E6974696F6E73223A22227D2C227374656E63696C223A7B226964223A2242504D4E4469616772616D227D2C226368696C64536861706573223A5B7B227265736F757263654964223A227369642D43443238313830412D384638332D343842352D413238322D334233324437363944314339222C2270726F70657274696573223A7B226F766572726964656964223A22222C226E616D65223A22222C22646F63756D656E746174696F6E223A22222C22657865637574696F6E6C697374656E657273223A22222C22696E69746961746F72223A22222C22666F726D6B6579646566696E6974696F6E223A22222C22666F726D70726F70657274696573223A22227D2C227374656E63696C223A7B226964223A2253746172744E6F6E654576656E74227D2C226368696C64536861706573223A5B5D2C226F7574676F696E67223A5B7B227265736F757263654964223A227369642D33433245464443412D383737462D343934412D413431382D333233364239344534443946227D5D2C22626F756E6473223A7B226C6F7765725269676874223A7B2278223A39322E32353030303532373132383537322C2279223A3234332E30303030303038393430363936377D2C2275707065724C656674223A7B2278223A36322E3235303030353237313238353731352C2279223A3231332E30303030303038393430363936377D7D2C22646F636B657273223A5B5D7D2C7B227265736F757263654964223A227369642D33363535363241392D303638452D344635442D394542362D383541463639343933343132222C2270726F70657274696573223A7B226F766572726964656964223A22222C226E616D65223A22E9A286E5AFBCE5AEA1E689B9222C22646F63756D656E746174696F6E223A22222C226173796E6368726F6E6F7573646566696E6974696F6E223A2266616C7365222C226578636C7573697665646566696E6974696F6E223A2266616C7365222C22657865637574696F6E6C697374656E657273223A22222C226D756C7469696E7374616E63655F74797065223A224E6F6E65222C226D756C7469696E7374616E63655F63617264696E616C697479223A22222C226D756C7469696E7374616E63655F636F6C6C656374696F6E223A22222C226D756C7469696E7374616E63655F7661726961626C65223A22222C226D756C7469696E7374616E63655F636F6E646974696F6E223A22222C226973666F72636F6D70656E736174696F6E223A2266616C7365222C22757365727461736B61737369676E6D656E74223A22222C22666F726D6B6579646566696E6974696F6E223A22222C2264756564617465646566696E6974696F6E223A22222C227072696F72697479646566696E6974696F6E223A22222C22666F726D70726F70657274696573223A22222C227461736B6C697374656E657273223A22227D2C227374656E63696C223A7B226964223A22557365725461736B227D2C226368696C64536861706573223A5B5D2C226F7574676F696E67223A5B7B227265736F757263654964223A227369642D39423231324536442D463333412D344334382D383043352D453935324246384642454132227D5D2C22626F756E6473223A7B226C6F7765725269676874223A7B2278223A3337312E323530303035323731323835372C2279223A3236302E303030303030383934303639377D2C2275707065724C656674223A7B2278223A3237312E323530303035323731323835372C2279223A3138302E30303030303038393430363936377D7D2C22646F636B657273223A5B5D7D2C7B227265736F757263654964223A227369642D33373742463544342D374144302D344446452D424441432D373834383330433338303937222C2270726F70657274696573223A7B226F766572726964656964223A22222C226E616D65223A22222C22646F63756D656E746174696F6E223A22222C22657865637574696F6E6C697374656E657273223A22227D2C227374656E63696C223A7B226964223A22456E644E6F6E654576656E74227D2C226368696C64536861706573223A5B5D2C226F7574676F696E67223A5B5D2C22626F756E6473223A7B226C6F7765725269676874223A7B2278223A3636372E323530303035323731323835382C2279223A3233332E30303030303038393430363936377D2C2275707065724C656674223A7B2278223A3633392E323530303035323731323835382C2279223A3230352E30303030303038393430363936377D7D2C22646F636B657273223A5B5D7D2C7B227265736F757263654964223A227369642D33433245464443412D383737462D343934412D413431382D333233364239344534443946222C2270726F70657274696573223A7B226F766572726964656964223A22222C226E616D65223A22222C22646F63756D656E746174696F6E223A22222C22636F6E646974696F6E73657175656E6365666C6F77223A22222C22657865637574696F6E6C697374656E657273223A22222C2264656661756C74666C6F77223A2266616C7365227D2C227374656E63696C223A7B226964223A2253657175656E6365466C6F77227D2C226368696C64536861706573223A5B5D2C226F7574676F696E67223A5B7B227265736F757263654964223A227369642D33363535363241392D303638452D344635442D394542362D383541463639343933343132227D5D2C22626F756E6473223A7B226C6F7765725269676874223A7B2278223A3237302E363838303432333238323532352C2279223A3232372E343938343831363137323438397D2C2275707065724C656674223A7B2278223A39322E35343633343332313433313839342C2279223A3232312E36353737373031373038393034347D7D2C22646F636B657273223A5B7B2278223A31352C2279223A31357D2C7B2278223A35302C2279223A34307D5D2C22746172676574223A7B227265736F757263654964223A227369642D33363535363241392D303638452D344635442D394542362D383541463639343933343132227D7D2C7B227265736F757263654964223A227369642D39423231324536442D463333412D344334382D383043352D453935324246384642454132222C2270726F70657274696573223A7B226F766572726964656964223A22222C226E616D65223A22222C22646F63756D656E746174696F6E223A22222C22636F6E646974696F6E73657175656E6365666C6F77223A22222C22657865637574696F6E6C697374656E657273223A22222C2264656661756C74666C6F77223A2266616C7365227D2C227374656E63696C223A7B226964223A2253657175656E6365466C6F77227D2C226368696C64536861706573223A5B5D2C226F7574676F696E67223A5B7B227265736F757263654964223A227369642D33373742463544342D374144302D344446452D424441432D373834383330433338303937227D5D2C22626F756E6473223A7B226C6F7765725269676874223A7B2278223A3633382E363332383232333037343732312C2279223A3231392E38343835353133353935343031327D2C2275707065724C656674223A7B2278223A3337312E353331323530373335303939352C2279223A3231392E30343430323835353335393932327D7D2C22646F636B657273223A5B7B2278223A35302C2279223A34307D2C7B2278223A31342C2279223A31347D5D2C22746172676574223A7B227265736F757263654964223A227369642D33373742463544342D374144302D344446452D424441432D373834383330433338303937227D7D5D2C22626F756E6473223A7B226C6F7765725269676874223A7B2278223A313230302C2279223A313035307D2C2275707065724C656674223A7B2278223A302C2279223A307D7D2C227374656E63696C736574223A7B2275726C223A227374656E63696C736574732F62706D6E322E302F62706D6E322E302E6A736F6E222C226E616D657370616365223A22687474703A2F2F62336D6E2E6F72672F7374656E63696C7365742F62706D6E322E3023227D2C227373657874656E73696F6E73223A5B5D7D, NULL);
INSERT INTO `ACT_GE_BYTEARRAY` VALUES ('22503', 1, 'source-extra', NULL, 0x89504E470D0A1A0A0000000D49484452000002CD0000013608060000009AF2AFC6000000206348524D00007A26000080840000FA00000080E8000075300000EA6000003A98000017709CBA513C0000000467414D410000B18E7CFB5193000000017352474200AECE1CE900000006624B474400FF00FF00FFA0BDA793000000097048597300000EC400000EC401952B0E1B000019834944415478DAEDDD099415F59D2FF0EA05681541048676376ADC8E1935718BCF44E38226A3134F5C00B784F86234893E3D261A9349D4383379C6242EF145135C1102048D3A2E9148CEA0D1B82B082A88382008DD82CA4E436FEFFF2BFB920B348836DDF6F2F99C53DC5BF7D6AD6EFE7D6FDD6FFDEB5FBFCA320000000000000000000000000000000000000000000000000000000000000000000000000000000000000000000000000000000000000000000000000000000000000000000000000000000000000000000000000000000000000000000000000000000000000000000000000000000000000000000000000000000000000000000000000000000000000000000000000000000000000000000000000000000000000000000000000000000000000000000000000000000000000000000000000000000000000000000000000000000000000000000000000000000000000000000000000000000000000000000000000000000000000000000000000000000000000000000000000000000000000000000000000000000000000000000000000000000000000000000000000000000000000000000000000000000000000000000000000000000000000000000000000000000000000000000000000000000000000000000000000000000000000000000000000000000000000000000000000000000000000000000000000000000000000000000000000000000000000000000000000000000000000000000000000000000000000000000000000000000000000000000000000000000000000000000000000000000000000000000000000000000000000000000000000000000000000000DABB124D006C4AD3A64DFBDFCB972F1F5A5353F3CFE9B6674343834669E986BAA424DB6CB3CD16F5E8D1E3C5C6C6C6EB0E3CF0C0FFD22A004233D001BDF6DA6B272C5EBCF8F655AB56F5ADACACCC7AF7EE9D6DB9E596596969A9C669A1D8F158BA746996DA37ABAEAE6EA8AFAF9F515B5B7BCA91471E3949EB0008CD4007316DDAB4FFA8AAAABA6C871D7628D976DB6DF39E515ACFDCB973B359B366D576EFDEFD1B871E7AE81FB40840EB2BD304404B03F3FCF9F32FDB6BAFBD4AFAF7EF2F30B781E8C1DF7AEBADCBD28ECA0943870E9D7AFBEDB7BFAA55008466A09D7AFEF9E70F7BEFBDF76E8BC0DCAB57AF759EAF5BB52C7B67FAB86CDEABF766F3A73F922D9DFF5A565A5E91F5E83940E3B550F7EEDDB33E7DFA94CD9D3BF75F4E3BEDB4FF1A3162C43B5A05A0F5186C087C6CB5B5B56376DC71C766037363435D36FBC5DBB285739EC9EA572DCD1FAB59322F9B3BE58FD9C2B79FD7789BC0165B6C91EDBCF3CE9BA5007D8BD600109A8176E8C5175F3CAABEBE7E9B18C3DC9C45F326662B975637FBDC82198F668D8DAA6A6C0ADB6DB75D695959D9EE8F3EFAE8215A03406806DA991498FFCF8001034AD6378679E592B9EB7D6D0CDB28F43ED372DB6CB34DDC9CA425008466A09D59B56AD54151566E7D1A1AEA36F87A3DCD9BCE565B6DD527EDBC1CAB25008466A09D59B16245FFA8E2C027AF67CF9E6927A4716F2D01203403ED4C0A69A52E5CD24E36E41FFC1D544302109A818EA65BC5561B7CBEBC7B4F8D0480D00C746DBDB7D92FEBBE45FF751E2F2929CDB6DEE9B0ACA4B45C23012034035D5BB7CDB6CEFAEEF485751E2FEFD12BFBA74F1FA78100109A01427DEDF2751E6B6CA8CD1AEA57691C008466A06B8B505CF5DA7DD9FC37FEB2CE7351A3F97F9EBA215BBA609A8602A0C330A810D8A4962F9C9507E655CBE6AF7799DA9A85D99C8977657DB63F28EBB7EB315959B7CD341C004233D0F9D5D7AEC816FCCF7F670B673FBDD1172E797FCEB3D9D205AF6703F6F897AC67FFBD342200ED96E119C02631EF95BBB3F7DFFAFB47BED25FDEEB3C696456B3F86D8D0880D00C746E2D3DB9CFC98100B4678667009BC48E9F3B5B2300D069E969060000A1190000846600006855C6340300B086D34F3F7DFBBABABA134B4A4A0E4FB3FBA5A9324D3DD35493A6AAC6C6C689E9B927CBCACA468F1C39728ED00C0040973164C89013D3CD77EBEBEBBF9042718F6616A948D3CEE9B99DD3ED8969B96B060F1E3C21CDDF3A6AD4A811423300009D560ABE11826F6A6C6C3CEE63BCFC88F4BA23D23ABE9D42F4D0B163C7BE21340300D0A90C1A3468704949C98D29F8F62D3C56565696EDB3CF3ED9C1071F9CEDB6DB6ED9565B6D956DB9E596D9F2E5CBB3850B17663367CECC9E7DF6D9ECC5175FCC6A6B6B0B2F3B2CBDEEA52143869CD7197B9D85660080AE1B988F4F81F9AE1498CB0B61F9CB5FFE723670E0C0AC7FFFFEEB2CBFF9E69BE7D3B6DB6E9B1D7AE8A179807EE8A187B23FFFF9CF597D7D7D2CD233ADEBAE149C2B5270BEA533B595EA1900005D3330470FF3BD5953276A04E19FFFFCE7711260B381B939D1031DCBC7EB76D86187D58FA7E03C2C05E733846600003AAC18C35C5A5A7A632130EFB1C71ED915575CB146F0FD28E275F1FACF7CE633C5C1F9A6149CF7149A0100E8904A4A4A8615C630470FF3C5175F9C8F596E8918B671E185171607EF18AA314C680600A0C389B27229CC1E1DF7630C7304DD9606E6E2E07CFEF9E7E7EB6D72586719A6E144C00FF1CC33CF9C3279F2E4A1D5D5D507565555F55EB26449B79A9A9AACBCBCBCB157AF5E75FDFAF5ABDE7AEBAD9FAFACACFCCFC183073FA7C50080D694F2C6BF9594944C99376FDE8313264CA8FB18ABF86EE14E9CF4F7718764AC4FACEFF8E38FCFEEBFFFFE7C3E05F46FA79B0E5F4D43685E8FDB6FBFFD17B366CDFAEEA851A336DF6BAFBDB2A38E3A2A7F13A4809C5554546429389744809E3D7BF6F653A64CD9FEE9A79F3EF1924B2E7927BDF4E7BFF8C52FAED382D03AA2B451B76EDD5AFDE7BCFEFAEBD9EEBBEFBEDEE7E32CF1A29E1480B674550AA2D980010396A600FD400AD0C3EBEAEA9E183B76ECD20F7B615CE92F6DBF8E88FB854A19ADE1B8E38ECB1E7EF8E14239BAC3620CF5E8D1A3670ACD9DC8BDF7DE7BD4A44993EE79F5D5577BA73F70B6EFBEFB36FBC518C139A638BBF4B39FFD6C76D6596765E975FF3466CC985F5F70C105172D5DBA74E06DB7DD364D8BC2A63361C284ECC73FFE71F6E4934FE6E58DEEB8E38E353E9FB1718E0DF5D9679F9D87DE1FFCE007715428C6EEADB19EF8B2495F30F179CF4A4B4BF3F9F499CD3FD3B16C434343F4E464BFF9CD6FF21AA585D7C451A69E3D7BE6CBF4EBD72F7BFFFDF7B33FFEF18FD9E4C993B3ABAEBA2AAF597AE38D3766C3870FF7C7025A5DDA16C565AD87A4EDD390B42D5B3268D0A07BD3EDA81E3D7A4C48DBC79AE65ED37469EC3CFF45C689CEC0D6105535221F3DF3CC3385874E4ED32F85E64E22BDC16E79E49147BE79FCF1C797C49ED747ED458A375F9A4AC68D1BB7E33DF7DC33F99244AF33ED551CDE4B3753EBEBEB1FD998DE894FDA8A152BF213552A2B2BF330FCA31FFD28DB7BEFBDF3B07BE49147664F3DF5541E6623D48665CB96E521F7B7BFFD6DB3EB3BFCF0C3F3C01CA64F9F9E1D72C821D9AEBBEE5AFC65948FF32B3663C68C3CB0C7D1A73E7DFAAC7E3C7E4EBE414D017DC99225DE5CC02711A06350F25929409F95B64935691BFFA7F4D8D8B58770A4C70E2FDC3FE8A0835AF5778AF51785E6C385E64EE2FEFBEFBF6BFCF8F167C497F2A73FFDE916ADEBD8638FCDF6DC73CF6ED724975E7AE9E6575F7DF57F6A61DAA1ABE29FB473589F36AE93D2DD07D234A1A2A2E2E9F5F5507C5256AD5A959D79E699712832EF5DFECE77BE93DD72CB2DD9CB2FBF9C555555E561F5273FF9493E6462E4C891AB5FF7C20B2F64A79D765AB3EB8C82FCD1DB5CE889FEDCE73E973DFAE8A3AB9FBFFCF2CBF31DE1AF7DED6BAB1F3BE69863B2279E7822BBF2CA2BF35EE6418306E5CB147AB2E3B670FFD65B6FCD3EF5A94FE5811EA08D55A4E9B414A04FDB669B6D960C1932E4AF69FE77D1039DF2F47E858576D9659756FD2576DE79E7E2D9FD3A7AA30ACDC9B061C36E4C5F96A7FFF4A73FDDE862DE1F66A79D768A2FDDF22B9273CE39E79DDFFFFEF7B76869DAA938A4F2D9A6E9F2B4415D9636B04FA58DEDB8D2D2D2F173E7CE9DF2314F34D964D2CE67BE331B97723DF5D453F32111E3C68D8B730FF2A0FBF7BFFF3DFBFCE73F9F7DE94B5F5AE308D117BFF8C56CD4A851CDAE3302F3B7BEF5ADEC861B6EC876DC71C7ECE4934FCE77780BAF7FE59557B2BE7DFBE6E1BCB07C84E4380A75D86187E5E139B6193124E36F7FFB5B963EE3D9CA952BF3651F78E081EC57BFFA557E95ACB6B060C182FC52B669E7E70A6F67A058DA96470FF48931351D156B283C1743285AD35AEBEF27347770E98BEEC0E79F7FFEBC8B2FBEB8645305E68258DF25975CD2ED673FFBD9F529843C91BEBCA7FAF8D2016CD1548AE8E818DB5B59595995DEBF132244A740397EE4C89173DAFA178A701A1BDFE8C57DE79D77F29EE7B802D52F7FF9CB6CBBEDB6CBCE3BEFBC3C3846AF7141EFDEBDB3C71E7B2CFBDEF7BE9797408AD7C6B8E49862ECF3ECD9B3B3B7DE7A6B7599A5EDB7DF3E0FC9B1CE1045FAA3F7F984134EC8E72FBAE8A2FC64E0F87931F5E8D123EF498EDEEC08D41198A3A73B02FC1B6FBC918FB98E9DE7B610A1FDA5975E8ABB977BFB021F6275B9E14D55666E7D62DB5BA44268EEE066CD9AF5F0F1C71F5FDAD22119EB135F9AA79E7AEAE663C78E1D9366F7F559A503AA4C417370BA1D1CA170F0E0C1ABD2FDA973E7CE6DB35F60EAD4A9D9B9E79EBB7A031C27DB452F7171400EC527FCC561C7E8058E601C21397EF7103D2D37DD74D33A57AE8AF1CDD1BB5C08CD69673A1FFA316DDA07E7F3BEF6DA6BABD71F639B172D5A948F83FEFAD7BF9EEDBFFFFE795DD208AE77DD75577EC2626B7F1915FBC217BE10DBB2F8F9577ABB4297B0313BC869D3DD585F38E9AF20CD37A4C7F3E01CE760B4E6B66AF9F2E5C5B3351DBDD1BB7468BEFEFAEB2F9B3D7B76DF3824DB9A62FDE3C68DDB358A7B8F1A356A84CF3ACDF9C637BE5191025D65D1D6AE326DDC2AD6331FB795452F1F50D88B8F6562D9E2D0BBD61E7E1C22EBD9825FB57B9AFE3902625498680B31F4A2A92735DF08C738E2F8D951FD22444F6F531BE5B771E2499C18D8BD7BF775D615E139AA5D4C9C38310FD5B1EE42858CE849FEEA57BF9ADF9F33674EB6CF3EFBE4270C8608D4E1B6DB6ECBAB6A44C88E5EE5E851AEAEAE5E6347B92D0373FE07EDD72F3F4BFDD24B2FBDC227093ABFB4FDBB7C0349398272D9075F0725E5697E61BA1D9FA6913D7AF478247DCF4C4ECFED16CBC6B91DADB9BD8AF5175920347760F3E7CFFF7E0AB2256D51F375E8D0A15BDC70C30D97669DA0B8775771CA29A754969595351B5AD70EA66B3DD76303A175EDB0BBFAB9420586A2DE800DCE6F6083D916CDF3FAFEFBEFBF7B5BFE3D6EBEF9E6BC87377A9B635CF19E7BEE99BDFBEEBB794F49E1FF1CF763984484E542F9B8BFFEF5AF59F18E712C1B81378657C46D71BB46258E420F7ADC7FEFBDF756CFC7909070C6196764DFFCE637F34A1B854A1DCD79FCF1C7F30A1EAD550315A0481443EED6F45D1181392A223D92A6319B6DB6D9F83BEEB8636151E09E5808CD6FBEF9E626BFB049B199336716CF4E149A3BA83BEFBC73FFE79E7BAE4FF458B585380C5C5E5EBE636728EEDD9EC2EBC6CC671BDF0BBB76A05D6F685D3B986EE8B98F20527355D17C555674382BFD8CAAB4EE9AA265AB9B5B36968965D7F3BAE8695D50283197DE8F1FE5977D3A4DBF4B61747454D738FBECB31BDBF27D10B597A37AC5DB6FBFBDBAD73982E9B061C3F2DEE238A16FFCF8F1F9854F62B8444C8B172FCE7BA3E324B942EF70FC7DAEBDF6DA7C7D6B347EDA698929C63A8708BC119A8BE7E3F9E67AAF639DD1BB1D270716C4B8E6B4632E34036DA15B5350BE3B4D0FA5EDF483EBAB8294B6578FA5EF85A8999C1F6D2B1C4D6B0DB1FE228F09CD1DD43BEFBCF3DDFDF6DBAFA42DAFE875E08107D63DFAE8A31DB6B8777178DD504F6BB681A103CD04D58D995F6F40DD98F9B5C3CD47B046685D6B7E8D80DB144C577E58685DFBB9B461AB6A6FE5DDE2D78C5FBBE9F78DDE893BD274EB983163A67C92BF54F40C8F183122AF88113DCA119EA306730CC3B8FBEEBBF31271F7DC734F5E722E4EEA0BBD7AF5CA2B599C74D249B1A39C8F418E931B9B73C41147E441BB5022297A98A34A4654D568DAC1C87B96637847F43AC7EDA44993F22B5EC5A562235C478F76BC2EC27C3CBEBE7277009B6463FDC1367A426969E99D4D173459F8A1C1AFBCFCBEB4FDBA36EEC6362C3A075AE302273134233A2C8ADC2D3477508B172F3E3C4E9E694B29A46FFDD8638F1DD3D2D09CBEDCCBB7DB6EBBCAF4A62F6F2EC0A6F9ADD27C719D97D563583FEED0810F0B9F1B3B74E063DA50785DA727B538C0AEBDFC86026D6ACF9AB163C75675E1ED6FA4C9D2A6C09CF72AA78079777BBAF0499486FBE10F7FB8FA84BD08A9D75C734D3E1423427184E8FBEEBB2FAF98B1BAFBA55BB72CFD1FF2DB0B2EB820BF526054DE585B5CACA4F88225118A8B87CCC4CF0EF1253374E8D0EC2B5FF94A1ED8632C71FC0E31AE385E1363A1A3CC5DDA49CE970168053F49DF5F33D3B6EFEE8FDAF11215909A2A221D1DDBAC382FA3B96D624B3DF2C823854B6887273AC351F62E1B9AE7CF9F3FA0ADCA4115C461DDF4063AB4A996EA165951CDC208B91176371058D7982F5402682EC06EA837B585E35D3FACA7F543870E6C20E4AE9E6FA7BDAF5DC17BD11390FE1ED7B7E7F2885145230C1C38709DE7E2A227CD895EEA10553736560CE7684E0CE95AABF764B5387215175901684D2980FE7B0B57F1FFD214A545F3D01C47F036E5D8E638F2F6E0830F6645DFF3BFEB0CEDDE6543F3F2E5CB376FEDA2DE6B9B32654A84D6E8F15DE7ACD78FD8535BD71444EB9A0BB04D67CA161FA289335697353DD7D1870EB0E93D9DFEEEB7D6D5D58DEE0897D306A065468D1A75DFE0C18327A4BB474427DC75D75D9797E1DC149534A2C251743A1475EE3D316FDEBCD1427307B66AD5AAB238A4DB96624F2EC63E26514B756956547E25426ED3D8A475C2AC004B6B292D2DDDFF0F7FF8C3442D01D0E50C4DD37369EA17E762C4554C2FBEF8E21605E708CC11C00B275047D64979E65B9FF4556585E616EAD6AD5B5D4D4D4D795B06E7A681F62B478F1E7D85CF2AED81C00CD035C518E34183069D9F42ED5D9107E3424ED1DB7CE185177EACA11A1194A387B928304707E0799DE96AC8A55DF5CDB2F9E69B2F5BABE876AB8B33FED31BE85D1F5500E0933666CC981836119757CD7B82A3C7F9B2CB2ECBAB106D6C468AE55200CF5F571C981B1B1B2FEB6C1774EBB23DCD151515AFCD9A35EB90CACACA36FB993366CC9893DE447AF60080762105DE3B060D1A14C33F6F8A82043116394EE28B1304E3C4E7830E3A28DB65975DB2380F2C866EC4108C08CA71E192175E7821A6C6952B57169F9815C34FCF4F81FC8ECED6565D3634D7D5D53D3079F2E4830E3EF8E036EB6D7FF6D967DFCF3A41716F00A0F3881EE7C18307C749E1C3A2145D3C16E1392A05ADAF5A5091E2C0FC448C61EE4C43328A75D9E119692F6978DA3B5A595CBAADB5BDF4D24B7DB34E50DC1B00E85C628C730ABB712D895352F01D9FFDA342D7C688CBA10EADAAAAFA52670DCCA1CBF6344771EF73CE39E7954993261D101727686DCF3EFBEC949A9A9A452EA10D00B4E3F01C9D7B779F7EFAE9DB3734349CDCD8D8F8BFD2FC01D93FAE17114339A2FA570C378DA3E77777956C53DE95DF184B962CF98F3BEFBC73F8BEFBEEBB656B5F4EFBE69B6F2E4F7B6E37FB380200ED5D742EA69BEB9A26B22E3C3C234471EFF7DF7F7FF2430F3DB4B2357FCEF0E1C31F5FB162C582CE52DC1B004068EE626A6B6B4FFFD39FFE54337DFAF45619DC3C63C68C99E3C68DDBB33315F70600109ABB98188753535373EED5575FBD64FEFCF99B74DDD5D5D555575C7145B7C6C6C68B3BF3C0780000A1B90B88522BCB962DBBE8D24B2F7DF7F5D75F5FB529D6397DFAF457BFFFFDEFD7D7D6D6DED8D98A7B030008CD5D5414F75EBE7CF9F7AEBCF2CA6563C78E9DDB82527475B7DE7AEB9F2FBFFCF2BE757575FF9602F9FFD5BA00001D5BB926F8874271EF7BEFBD77D8B871E3EACF3DF7DCEE071C70C0808D7DFD934F3EF9F8B061C37AAD5CB972CB929292235210372403004068EE7C9A6A0D1E93C2F3C9BFFEF5AFBFDDBD7BF76CB7DD769B7DF8E187F7DA65975DB6E8DBB7EF808A8A8AF2152B56BCBB68D1A2A5D3A74F9FFDF8E38FAF9C3A75EA6E757575D1737F7D5555D50827FD010008CD5D213CAF2EEEFDEAABAF9EFCCA2BAF148A7BD735B5DB16695A91A68559172BEE0D002034B306C5BD0100702220000008CD00002034030080D00C00004233000008CD00002034035D4C4949497D434383866807E2EFD0D8D858AF25008466A09DE9D6ADDB9B4B962CD110ED40FA3BCC4B3B312F690900A11968671A1A1A1E5AB46891AEE67660FEFCF96FA59B095A02406806DA99DADADA3BE7CE9DBBBCB1B151637CB2EAAAABABFBA6DB7B340580D00CB43303070E9C9882F3736FBFFDF64AADF1C979F3CD37FF565F5F3FF398638E795A6B0008CD403B94C2DA7766CE9CB962F1E2C54E42FB04A4767F63CE9C397B3734345CA435005A579926003EAE1123462C38EBACB35E58B060C171BD7BF7DEAC478F1E76C4DBC892254B5E79F9E5972BD2DDF3060E1CF8841601109A81766CF8F0E16F9E79E69913ABABABFFB5B1B171760ACF7D4B4A4A344CEB593A6DDAB487DF78E38D3D22301F7DF4D10F6A1280D6E79B0DD824C68D1BB7676969E9B5656565FBF5EFDFFF8DBE7DFBF6EFD3A7CFAEE9B172ADD3320D0D0D8B9229F3E6CD7BF7BDF7DEDB23CDCF8E2119C71E7BEC14AD032034031DD05FFEF297FD4A4A4A4E4A778F48D30169AAD02A2D5697A689D90765E5EE71D21F0000000000000000000000000000000000000000000000000000000000000000000000000000000000000000000000000000000000000000000000000000000000000000000000000000000000000000000000000000000000000000000000000000000000000000000000000000000000000000000000000000000000000000000000000000000000ADE2FF03CD3EBEFE8D2ED3260000000049454E44AE426082, NULL);
INSERT INTO `ACT_GE_BYTEARRAY` VALUES ('22505', 1, '测试Model.bpmn20.xml', '22504', 0x3C3F786D6C2076657273696F6E3D22312E302220656E636F64696E673D225554462D38223F3E0A3C646566696E6974696F6E7320786D6C6E733D22687474703A2F2F7777772E6F6D672E6F72672F737065632F42504D4E2F32303130303532342F4D4F44454C2220786D6C6E733A7873693D22687474703A2F2F7777772E77332E6F72672F323030312F584D4C536368656D612D696E7374616E63652220786D6C6E733A7873643D22687474703A2F2F7777772E77332E6F72672F323030312F584D4C536368656D612220786D6C6E733A61637469766974693D22687474703A2F2F61637469766974692E6F72672F62706D6E2220786D6C6E733A62706D6E64693D22687474703A2F2F7777772E6F6D672E6F72672F737065632F42504D4E2F32303130303532342F44492220786D6C6E733A6F6D6764633D22687474703A2F2F7777772E6F6D672E6F72672F737065632F44442F32303130303532342F44432220786D6C6E733A6F6D6764693D22687474703A2F2F7777772E6F6D672E6F72672F737065632F44442F32303130303532342F44492220747970654C616E67756167653D22687474703A2F2F7777772E77332E6F72672F323030312F584D4C536368656D61222065787072657373696F6E4C616E67756167653D22687474703A2F2F7777772E77332E6F72672F313939392F585061746822207461726765744E616D6573706163653D22687474703A2F2F7777772E61637469766974692E6F72672F70726F63657373646566223E0A20203C70726F636573732069643D22E6B58BE8AF95E6B581E7A88B2220697345786563757461626C653D2274727565223E0A202020203C73746172744576656E742069643D227369642D43443238313830412D384638332D343842352D413238322D334233324437363944314339223E3C2F73746172744576656E743E0A202020203C757365725461736B2069643D227369642D33363535363241392D303638452D344635442D394542362D38354146363934393334313222206E616D653D22E9A286E5AFBCE5AEA1E689B9223E3C2F757365725461736B3E0A202020203C656E644576656E742069643D227369642D33373742463544342D374144302D344446452D424441432D373834383330433338303937223E3C2F656E644576656E743E0A202020203C73657175656E6365466C6F772069643D227369642D33433245464443412D383737462D343934412D413431382D3332333642393445344439462220736F757263655265663D227369642D43443238313830412D384638332D343842352D413238322D33423332443736394431433922207461726765745265663D227369642D33363535363241392D303638452D344635442D394542362D383541463639343933343132223E3C2F73657175656E6365466C6F773E0A202020203C73657175656E6365466C6F772069643D227369642D39423231324536442D463333412D344334382D383043352D4539353242463846424541322220736F757263655265663D227369642D33363535363241392D303638452D344635442D394542362D38354146363934393334313222207461726765745265663D227369642D33373742463544342D374144302D344446452D424441432D373834383330433338303937223E3C2F73657175656E6365466C6F773E0A20203C2F70726F636573733E0A20203C62706D6E64693A42504D4E4469616772616D2069643D2242504D4E4469616772616D5FE6B58BE8AF95E6B581E7A88B223E0A202020203C62706D6E64693A42504D4E506C616E652062706D6E456C656D656E743D22E6B58BE8AF95E6B581E7A88B222069643D2242504D4E506C616E655FE6B58BE8AF95E6B581E7A88B223E0A2020202020203C62706D6E64693A42504D4E53686170652062706D6E456C656D656E743D227369642D43443238313830412D384638332D343842352D413238322D334233324437363944314339222069643D2242504D4E53686170655F7369642D43443238313830412D384638332D343842352D413238322D334233324437363944314339223E0A20202020202020203C6F6D6764633A426F756E6473206865696768743D2233302E30222077696474683D2233302E302220783D2236322E3235303030353237313238353731352220793D223231332E3030303030303839343036393637223E3C2F6F6D6764633A426F756E64733E0A2020202020203C2F62706D6E64693A42504D4E53686170653E0A2020202020203C62706D6E64693A42504D4E53686170652062706D6E456C656D656E743D227369642D33363535363241392D303638452D344635442D394542362D383541463639343933343132222069643D2242504D4E53686170655F7369642D33363535363241392D303638452D344635442D394542362D383541463639343933343132223E0A20202020202020203C6F6D6764633A426F756E6473206865696768743D2238302E30222077696474683D223130302E302220783D223237312E323530303035323731323835372220793D223138302E3030303030303839343036393637223E3C2F6F6D6764633A426F756E64733E0A2020202020203C2F62706D6E64693A42504D4E53686170653E0A2020202020203C62706D6E64693A42504D4E53686170652062706D6E456C656D656E743D227369642D33373742463544342D374144302D344446452D424441432D373834383330433338303937222069643D2242504D4E53686170655F7369642D33373742463544342D374144302D344446452D424441432D373834383330433338303937223E0A20202020202020203C6F6D6764633A426F756E6473206865696768743D2232382E30222077696474683D2232382E302220783D223633392E323530303035323731323835382220793D223230352E3030303030303839343036393637223E3C2F6F6D6764633A426F756E64733E0A2020202020203C2F62706D6E64693A42504D4E53686170653E0A2020202020203C62706D6E64693A42504D4E456467652062706D6E456C656D656E743D227369642D33433245464443412D383737462D343934412D413431382D333233364239344534443946222069643D2242504D4E456467655F7369642D33433245464443412D383737462D343934412D413431382D333233364239344534443946223E0A20202020202020203C6F6D6764693A776179706F696E7420783D2239322E32343139343934313637383431352220793D223232372E3530383436313734313735383235223E3C2F6F6D6764693A776179706F696E743E0A20202020202020203C6F6D6764693A776179706F696E7420783D223237312E323530303035323731323835372220793D223232312E3633393334353135363336343735223E3C2F6F6D6764693A776179706F696E743E0A2020202020203C2F62706D6E64693A42504D4E456467653E0A2020202020203C62706D6E64693A42504D4E456467652062706D6E456C656D656E743D227369642D39423231324536442D463333412D344334382D383043352D453935324246384642454132222069643D2242504D4E456467655F7369642D39423231324536442D463333412D344334382D383043352D453935324246384642454132223E0A20202020202020203C6F6D6764693A776179706F696E7420783D223337312E323530303035323731323835372220793D223231392E38343933393834383434333131223E3C2F6F6D6764693A776179706F696E743E0A20202020202020203C6F6D6764693A776179706F696E7420783D223633392E323530303638373737383933382220793D223231392E3034323136393337373438333533223E3C2F6F6D6764693A776179706F696E743E0A2020202020203C2F62706D6E64693A42504D4E456467653E0A202020203C2F62706D6E64693A42504D4E506C616E653E0A20203C2F62706D6E64693A42504D4E4469616772616D3E0A3C2F646566696E6974696F6E733E, 0);
INSERT INTO `ACT_GE_BYTEARRAY` VALUES ('22506', 1, '测试Model.测试流程.png', '22504', 0x89504E470D0A1A0A0000000D49484452000002A50000010E0806000000B0EB6E82000018314944415478DAEDDD0794D5657A07E035F616CDAAB1C65EA3C696B524AE31594DD6B8BA36447A5350B12B2A58C045EC0D6B4410705D1B2A615D2B45041410FBAA4460C5C6D2151B2028FF7CEFFF7CC31947C0016786519EE79CF7DC6FE6DEB933DC19EEFD7DF5FEEC670000000000000000000000000000000000000000000000000000000000000000000000000000000000000000000000000000000000000000000000000000000000000000000000000000000000000000000000000000000000000000000000000000000000000000000000000000000000000000000000000000000000000000000000000000000000000000000000000000000000000000000000000000000000000000000000000000000000000000000000000000000000000000000000000000000000000000000000000000000000000000000000000000000000000000000000000000000000000000000000000000000000000000000000000000000000000000000000000000000000000000000000000000000000000000000000000000000000000000000000000000000000000000000000000000000000000000000000000000000000000000000000000000000000000000000000000000000000000000000000000000000000000000000000000000000000000000000000000000000000000000000000000000000000000000000000000000000000000000000000000000000000000000000000000000000000000000000000000000000000000000000000000000000000000000000000000000000000B00C8AA258E5DD77DFED376AD4A86F060F1E5C0C1C3850D5710D1A34A818366CD88C544DFD4502002BA408A4C3870F2FA64D9B567CF5D5576A39D5F4E9D38BE79E7BEED314508FF3570900AC7062845420AD37C1F4AB8103078EF5570900AC7062CA5E20AC3F9542E97C7F9500C00A27D6340A83F52A9416FE2A0100A17431F5C5ACC9C5BB637A176F0DFA5D59D18ECF0992422900409D84D2CF3F9954BCF9F425C5EB8F77F856C5E7E23A6152280500A8F550FAE15B7FFC4E20ADA88FDE7A4C98144A01006A3F948E7DF6EAC586D2B84E98144A01006A3D94BE39B0CB6243695C274C0AA5000042A9500A00F0D30FA5B1DB7E71A134AE1326855200805A0FA5E39FBF75B1A134AE1326855200805A0FA53327BD51BCF94CE7EF4EDDA7CFC575C2A4500A0050EBA1346AE24BF77C2794C6E70449A11400A06E42E9DCB9C5F817EEF8EED47DFA5C5C274C0AA50000B51A4AE31D9BC63D7FCB62D794C675DED549280500A89D503A776E3179FC90E2CF4F755A6C20ADA8B84DDCD6A8A9500A005063A1F4FB46478D9A0AA50000B51E4AAB333ABAA45153E152280500F8C1A174590369450997422900C00F0EA54A280500104A85520000A15409A5000042A9500A50239A3469B245C3860D4F3BE18413FAA51A9FEAF35445AA39A926A6EBFAA7CBF3E2761E2D402855422950A31A356A7454AA812970CECD21B43AF56CFA9AA61E3D4028554229F083A460B975AA279722882EAA863768D0607B8F2620940AA5004BAD61C38627346AD46846E580D9A44993E2CA2BAF2C860C19527CF0C107C5679F7D56842FBFFCB298346952F1FCF3CF1737DE7863D1AC59B3AAC1F473A3A680502A94022C6D20FD4D0A92F32B87D17BEFBDB798366D5A511D9F7CF24979FBF8BACAE13405D3133DBA80502A94025427909E5039909E73CE39E5A8E8B288AFEBD0A143D5606AC414104A855280C58B35A495A7EC3B77EEBC708A7E59C5D47EB76EDDAA4EE5EFECD1068452A1146091F20EFB8523A43F3490560EA655464C877BB401A15428055854203DAAF21AD2659DB25FD2547EE535A6A6F16BC8E8D1A31BF4ECD9F3896EDDBA4D3FFDF4D3E7B56CD9B27C809B366DBAE0D4534F9D77E9A5977E78D34D37F57FE081077EE1D14228554229F02308A50B47496393526DB8FFFEFB8D96D694DEBD7B5FD3A54B972FCF3AEBACE2CE3BEF2C468D1A551E813067CE9CF2C18ECBD899F6F2CB2F177DFBF62DE276E79F7FFED4546779F4104A95500A2C8FB099EAC025DD26DE81A96273538C66CE9C39B3564269ECCAAF725CD4D67E434BA97FFFFEBF4A617456AC8788C0F9F5D75F57FB17F0DA6BAF151D3B765C70C61967BCDFBA75EB9D3C9A08A54A2805EA4AA5E9F2810D1B36DC7F51B7C96F1D5ADEEE9A6BAE296A539C635A29949EE737B414FAF4E9D3B35DBB760B1E7BECB1A50AA3553DF5D453C549279D34CFA82942A9124A81BA0EA595EAC9AA23A7F9BDECCBEB870E1D5AABA1340ED8AFF4B33CE637544D03060CF8FDE9A79F5E8C1B37AE467E11EFBDF75ED1BE7DFBF9175C7041278F2E3F16E9C96BC3EA2E48174A8552A0DE87D28523A715E1347D3CBEE2F335BDC1A9AA58F658E9E7F8D06FA81AEEBAEBAE5B4F3BEDB405D57DF782EA8AFB8BCD506DDBB6F5AE06FC589ED0B6CE4F1EE3638AA765CB966B08A54229F0E30EA595474E53CDAEF8B8A68E815AD2F15095BEF71CBFA1EFD1A3478F5FB46BD7EE9B9A1A215DD48869EBD6ADBF74782C3F062984AE5FE5096C7AAA2E31825A5F42E9E38F3F5EBCFAEAAB65FBE38F3F2E371DCE9D3BB7ACD9B367974F82715D2CDE9F3A756AD9395C547DFAE9A78BBCFF986EEADEBDFB62BFFFD8B1638BFEFDFB97ED575E79A5F8E8A38FCAEF3D7AF4E8F2FB2DE750BA52972E5DFEA64183062B1F7CF0C1ABA40EF1AA51E9E3D50E3BECB0D5A39391DA6B1E71C4116B356BD66CEDD45EE7C8238F5CB74993267F9BDAEBC5EFBF71E3C67F97DA3F6FDEBCF906F17B4FED8DD26DFF3EB5374EED4D9A366DBA69FA9BD82CB5378FCA9B26FE21B5B74C5FBB55746C527B9BD4DE36756CB64BEDED537B87D4DE31B5778AE7C2D4DE25B5FF31B5774DEDDDD27DEC9EDAFF94DA7BA4DBEE1995EE67AFF4F1DEA9BD4F6AFF736AFF22B5F74DEDFD62AD5CBAFD01A9FD2FC71F7FFCBFC608506AFF32B50F4AED7F4BED8353FBDF53FB3F52FB57A97D486A1F1A95BEF63FD3FDFC576AFF3AB50F4BEDFF4EB7393CDE6A317DEE88D43E32B57F9B8FCC393AB58F49ED6353FBB8D46E90DAC7A776C3FC5EE18D52BB716A37898A5986F471B3D46E9EDA2D52BB656AB74A97AD53B589B75D4C9727A56A9BDAEDD2E5C9E9FA5352FBD4D46E1F1DC1D43E3DB5CF48ED3353FBACA8F4F1D9E9E37352FBDC589797DA1D52FBFCD4BE20B52F4CED8EA9DD29B52F4A9717A7BA24B52F4D979DF3FFDFCBD2E5EF52754DEDCBD365B75C57A48FAF4C9757A5DB5F9DDAD7A4F6B5A97D5D6A5F9FDA37A4F68DA97D536A774FED9BD3E52DA96E4DEDDBD2E5EDA9EE48EDFF499777A6EA91DA7745A576CF54BDD2D7DE9D2E7BA7EA93DA7DD3E53DA97E9FDAF7A6CB3FA4BA2FB5EF4F970FA47A30B51F8AE9E5741F0FA7CB47523D9ADAFDD3E5FFE61A903EFE634C05A7FA536A3F9E2E9F88B095DA4FA5CBA7533D9377970F4A3538B587A4CB67530D4DEDE7D2E5B0D80D9E6A44AAE773BD906A64AA51A946A77A31D598542FA57A39D52BE9FE5F4D97AFA57A3DB5DF48977F4EF566BACFB7D2E5DBA9C6A6F6FFA5CB77528DCB2392511352FD25D5BBA926A67A2FD5FBA93E88D1C3541FA59A94EAAFA926A79A926A6AAA69F939380EB89F99EAE3F47D3F4997B3727D9ABEDF6771407DAA2F527D598D50FAADAA0B95BF9F57D9EF71D145174D8F35A4B529D698B669D3E6758F363FE29EF6FC78E18800B13C43E9EBAFBF5EACB2CA2AC5565B6D5586C1CD36DB2C9EE4BE55B1703F6E1BC7B755BDAE725D7DF5D5E5ED468E1C599C76DA69C599679E59D6CE3BEF5C5E7FF2C9272FFC5C5CFFC20B2F94B7BFE38E3B8AF5D75FBF6CC7CF71C5155794EDD5565BADB8EFBEFB965B28CDBFA705A9BE49F575DE5D3B2FD757A9E6C648451E25F932BF887D9E5FD43E8D17B9FC82F7717E019C915F10A7E517C829F905F3AFF905F4A35C1FE617D7F7F38BEDC4FCE2FB97FC623C3EBF40BF935FB0C7C60B787E217F335ED8F30BFCEBF1821F2FFCF9C5FF951C065ECAE1E0C51C1646E5F0F0420E132372C0189603C7D0082039880C8E609203CA33B99ECEE125468C9EC8A1E64F117272D81910E12707A1472318E580D42F07A6072340E520755F04AB08583964FD3E42570E5F7D228CE550D62B425A0E6B3D22C0E520774704BB1CF06E8DC097835FF708821108A3221C46488CB018A131C26384C8089339545E11213307CEAE11407310ED12C13407D44B22B0E6E0DA292AC26C84DA08B7117223EC46E88DF01B2138C27084E208C811942330E74D32ED234847A08E609D0376DB08DC11BC73F86E13613C87F29611D223AC47688FF01E213E027D04FBFC56970D23F047F08F0E407404A243101D83E8204447212A3A0DD179C8EFD77E78742AA273119D8CE86C44A7233A1FD111890E49744CA283121D95E8B044C7253A30D191890E4D746CA2A293139D9DE8F444E7273A41D1198A4E51748EA293149DA5E83845072A3A52F17C181DABE86045472B3A5CD1F18A0E5874C4A24316159DB3E8A445672D3A6DD1798B4E5C74E6A253179DBBE8E845872F3A7ED1018C8E607408A363181DC4E8284687313A8ED1818C8ACE64742AA373199DCCE86C2E2180BE148FDB3EFBECB36A0EB1464AEB9BEEDDBB773CEFBCF316CC9B37AFD67B0A679F7DF6170E8FE5A732FD134FDE751D4AE3C9F3A0830E2AF6DA6BAFE280030E28F6DB6FBFB2C3F7C8238F142BADB45271D9659795A3A8313B11B73FF1C4138BEDB7DFBEB8E9A69BBE536BADB55671FDF5D797B77BF0C107CB109AFE7F96959ED88BDD77DFBD38F6D863177E2EEE3F02678C869E7AEAA9C5BAEBAE5B3CF9E493C54E3BED545C7BEDB5E5FDC47D3EFAE8A3C5DB6FBF5D4C9E3CD9F43D501F9EBFC744808F99934AB7B1A6B43EBAF8E28B67C6B14F75E18D37DE8817C93F7BD4A90D796A367AD09B446F3C7AEDB9771FA300BFCAA30AC7C528459E3E3C234647F2F4DE55797AEECE3CC2F37DA1F4EB74BB79751D4A8F39E69862830D36288E3EFAE8E299679E29472BB7D8628B3250C6E8E9CA2BAF5CB6A74C99B23094AEBDF6DAC5BEFBEEBBC8EAD8B163F1C5175F142FBEF86271E8A18796A16ED0A041E5D47DDCCF3DF7DC537E1C9F4F8F6F3952DABE7DFB327C4648DD6DB7DDCA507AE18517166FBDF556F9F9BBEFBEBBD875D75DCB5156A114588EA174648C30570EA3956E63F77D7DD3B76FDFBD6273D30F39FA6969A517AA4F1D1EFBD3166BF7624A25A65F628A26A67362CA27A686621A29A69AF2B454933CCD15D3611DF2F4DA1579AAEE8E3CF5F7609E4A7C26AF811A93A73B27E4E9D399792AF69B3C353B2B4FAFBE9BD737BD9CA73707E5E9C97E793D578FBC3EECEA3CBD77419E9E6B9BA7D716174627E4356E1BC6DAC4BA0EA531223966CC98E2C8238F2C76D86187723D674CABC748E645175D54F4E9D3A70C933366CC58184A637ABD77EFDEE568E8C30F3F5CF4EBD7AF1CF1ECD2A54B79DBF89A8ADBC6F4FBA69B6E5A6CB8E186E5751B6DB451F9F1EAABAF5E5E5FF173F4E8D1A30CC7D18E501AB78D9F27426984E01D77DCB11C1D104A81E5104ABF33325A95734AEBA1F402D73329EA52AF5EBD66FAA5D48DF80F99D7DA6C146B77628D4FAC05CA6B860E8E3548B15629D634E5B54FEDE37793370974CB8BFC6FCF6BC2EECF6BCC9ECA6BD646E73570E3F37ABA19797DDE3779FDDEA779FD5DACAF1B9BD7C7BD106BDC62FD5AAC4F8BF567797DD92DB13E2CD67FC5FAAEBCA9E1E4BC49A2615E3F7568AC81CA9B3D768BF54979A3C9CF63D34AFAE7AE54938F5D5E5758F98924D61F75A9BA13BFAE43E9B061C3CA91CA934E3AA95C4B1AEFA2968F3A29F6DC73CFA26BD7AEDF0AA503060C28A7FB77D9659762BBEDB62BB6DD76DB629B6DB62936DE78E3727ABE5DBB76C5AC59B3CADBC6C8662C0B88A500B14634EE27C2677CBCC71E7B2C1CF98C0D4D717D8CCCC6886D84D28B2FBEB878FFFDF7CB501A3F47B4EDBE07EA2BEFE8540F5D72C925E3E3AD43EB522C1568DEBCF9D32BD8C8E1CAB1003B46D7E23F422CFE8E45E2B1903C169DE75DB047E5C5EEADF2E2F973F262FCAEB1B03F6F02E89537153C9A37283C9B373CBC9E773A7E9037647C5EB1C9236FE098963760BC93774D8ECA5FFB44BEAF3FE4FB8E4D06D7E64D029DF2CF704AFC4CB1083F16D8C7CF1A8BE4E3678F45EEB1803DFE4DB1083DFE8DB1EBF927D2D39E58B1B92942792C0958D4EDEA3A94C6F76BD1A245D1AA55AB723DE9AAABAE5AAEFF8C501A21F3CA2BAF5C184A9F7DF6D972CD68F4D22B57C56DE289F2861B6E282AFE0D113AD75B6FBD62FFFDF72FA7DFE3361152E3E3F87C45288DEF1DD7C5A8EA6DB7DDB6C835A58E8402EABBBCF9AF0C8BF7DE7B6FAD649EFBEFBFBF72201DEE515F82F422F3596C46A84B710C4D0A319397C7BF370253ECCCCBA36B9BE71D81BBE51D86BF8C1D8B312A9747E75AC6685DDE79D9311F25726D3E0AA467DE651A3B521FCF3B5C47C66860DE591BA3835373209C9703E21779176F8C2A8ECBA38CB18B76688C3EC62ED7188D8C5DAA1140639432EF22BD381F8112A398ADF3F12BB113F3D731DA998F8689D1CF1DF39134312ABACE92A62DA85E28CD3B8F97D8AB5D1EBBEF63FA3D75288B030F3CB00CA831721AA174934D3659B81674FAF4E9C5ADB7DE5AECBDF7DEC5965B6E59AEFF8C101BB5CF3EFB94B78929F6B8FEAAABAE5A184A638D68CC9EC45AD3B84D84DAF8B8F21AD1581F75EEB9E77E6BFABE6A28BDFDF6DB8B5B6EB9452805EA73283DAA2230C668694D6F788AFB8BFBAD7478BF8DDE4BD2BC79F3AFE37CC3BA14DF2FFD62BE8A69D038DA21A660E398883852228E9DC84754C4797A47E4A331E2ACBB76B1DE2F9F457759AC03CC4786F4C8C78FF4CBEB0507E7F583AFE4F58413F314F2AC7C1CCC37F9189899F9189709F98CB517F37AC5A7F3FAC507F29972B1AEF1867CD4C82579DD63AC436993CFE43B26D647E6B3000F887593711446ACA38CA32C625D659C8FE82FED47194AB7AECEED9647288D0D4E1118639353ECB28F8D45871C7248397219D3F9B1633EA68C2A6E1F3BED2394A6BFCBF2689238D734BEBEEA8866AC198DA019F7159BA0E236117CE3E3F8FC92D694B669D3A60CA615A1F49C73CE29D2FF05A114A8EFCFF5CF5684C678DEAAA9E3A1E2B9B643870EDF1A253558F4FDBF8CA2AE2D58B060E1595DF92CC0BFE6B3FCDECC67F10D8F21F57C565E1C22DC37CEB28B9DD1F92CBACE71965C3E5CF9A47C5073ECA83E3C7658E79DD671E0F42EF900EB4DF27966ABF98D53D396D7E1F9C71D775C39E21907E8A78E4FB1C61A6B1477DE7967191037DF7CF3A2EACF151B9D620A3E46382BD69DC67AD3CAB7193162443164C890B23D7CF8F0F23613274E5C18F62ACE288DCB98FA8FCD50717EE99A6BAE5986DE18AD5D679D75CA101B9BAB3A75EA249402F57E0022CF6296D9A473E7CE3F38984620EDD6ADDBB7F62478F3A06A482F2CF397C74869EC92F6E823942E7BC5AEFBF3CF3FBFB8EEBAEBCA201A6795C6E763D35284C38A29F9CA154B67E2F6B1E9E9F0C30F5FB8196A511547A4C448689C375AF5BA5EBD7A959BA54E39E5947283537CAF09132694D7C52ED6B8EFD6AD5B171F7EF8A1500AD47BF98D0BE6571E315DD6A9FCF8BA2A23A4A6EDABAB5DBB76B396C79AD2F40B9AE4D14728AD998ADDF0DEF75E2805965DDE4732BFF21AD3D8FC144BA1AABBCB3E3635555E431A15CB0E3DBAD574E699678EACEBDDF723478EFCD0E1B108A54A2805EA937CCACCB78E038C90193340317B14A3A01553FB31451F6731C7C6CF9B6FBE39369D2E58C431822D3DAA4BA17DFBF69DEEBAEBAE6FEA329476EFDEFD0DE79422942AA114A86F628D69E5A3A296B1865B43BA0CE27CC9934F3E79765DBEA353CB962D27393C16A15409A5403D0EA7C7E5703A7F69C2688C8EDA65FF03B46DDB764C1C685F17468F1E1DC72F8DF0A823942AA114F8310CDEE57719EC978F999C53E904A17239627E2744836D35210E8F3DE38C333EAB8BD1D256AD5A8DB50B0DA15409A5002C52B366CD9E1F3060C0DCDA0CA47DFBF67DCEE1B108A54A280560B162D8B9458B16B3C68D1B572BC3A513264C98D8B871E3A916FE22942AA11480258AA310DAB469F3499C235A93A64C9932B969D3A61F99B6472855422900D512BBC65AB56A35E39D77DEF9AA2602E9B871E3DE8A40EAF0588452259402B05462C4B471E3C61F3FF4D043937EC0E6A7F93D7BF67CA251A346531C1E8B50AA8452009649C5E1B16DDAB4F960CC98315396268D8E1831E2B9162D5ABCEAF05884522594025053E1B43C3C3685CC295DBB761D336CD8B0773E4AE6CC99333F02E8ECD9B3674C9E3CF9BDF4F9E1975F7EF9A0A64D9BBEE7F0588452259402502B1C1E0B42A9500A0020942AA114004028154A010084522594020008A54229008050AA84520000A154280500104A95500A0020940AA5000042A9124A01008452A1140040285542290080502A94020008A54A28050058B4C183070B83F5A7E6A4503ADF5F2500B0C219366CD8E469D3A60984F5A0264D9AF4400AA563FD5502002B9C214386FC76E8D0A1B3A64E9D3A5B305C7E23A41148070D1AF47EAAE3FC5502002BA414847E3370E0C03131751C6B1A559D573CEE630552000000000000000000000000000000000000000000000000A801FF0F17FF00C4370B62290000000049454E44AE426082, 1);
INSERT INTO `ACT_GE_BYTEARRAY` VALUES ('27', 3, 'source', NULL, 0x7B227265736F757263654964223A223236222C2270726F70657274696573223A7B2270726F636573735F6964223A2270726F63657373222C226E616D65223A22222C22646F63756D656E746174696F6E223A22222C2270726F636573735F617574686F72223A22222C2270726F636573735F76657273696F6E223A22222C2270726F636573735F6E616D657370616365223A22687474703A2F2F7777772E61637469766974692E6F72672F70726F63657373646566222C22657865637574696F6E6C697374656E657273223A22222C226576656E746C697374656E657273223A22222C227369676E616C646566696E6974696F6E73223A22222C226D657373616765646566696E6974696F6E73223A22227D2C227374656E63696C223A7B226964223A2242504D4E4469616772616D227D2C226368696C64536861706573223A5B7B227265736F757263654964223A227369642D43453342464244352D334445422D343039312D423439372D453635353742314143304346222C2270726F70657274696573223A7B226F766572726964656964223A22222C226E616D65223A22222C22646F63756D656E746174696F6E223A22222C22657865637574696F6E6C697374656E657273223A22222C22696E69746961746F72223A22222C22666F726D6B6579646566696E6974696F6E223A22222C22666F726D70726F70657274696573223A22227D2C227374656E63696C223A7B226964223A2253746172744E6F6E654576656E74227D2C226368696C64536861706573223A5B5D2C226F7574676F696E67223A5B7B227265736F757263654964223A227369642D34444443423637372D354332412D344139452D413035422D413335313139353643453538227D5D2C22626F756E6473223A7B226C6F7765725269676874223A7B2278223A3136352C2279223A3433357D2C2275707065724C656674223A7B2278223A3133352C2279223A3430357D7D2C22646F636B657273223A5B5D7D2C7B227265736F757263654964223A227369642D32313335393335322D423138462D343143462D393035432D303934454139443446394136222C2270726F70657274696573223A7B226F766572726964656964223A22222C226E616D65223A2261646D696E222C22646F63756D656E746174696F6E223A22222C226173796E6368726F6E6F7573646566696E6974696F6E223A2266616C7365222C226578636C7573697665646566696E6974696F6E223A2266616C7365222C22657865637574696F6E6C697374656E657273223A22222C226D756C7469696E7374616E63655F74797065223A224E6F6E65222C226D756C7469696E7374616E63655F63617264696E616C697479223A22222C226D756C7469696E7374616E63655F636F6C6C656374696F6E223A22222C226D756C7469696E7374616E63655F7661726961626C65223A22222C226D756C7469696E7374616E63655F636F6E646974696F6E223A22222C226973666F72636F6D70656E736174696F6E223A2266616C7365222C22757365727461736B61737369676E6D656E74223A22222C22666F726D6B6579646566696E6974696F6E223A22222C2264756564617465646566696E6974696F6E223A22222C227072696F72697479646566696E6974696F6E223A22222C22666F726D70726F70657274696573223A22222C227461736B6C697374656E657273223A22227D2C227374656E63696C223A7B226964223A22557365725461736B227D2C226368696C64536861706573223A5B5D2C226F7574676F696E67223A5B7B227265736F757263654964223A227369642D46463232313145352D424444462D343130352D393844342D373830373033304130433138227D5D2C22626F756E6473223A7B226C6F7765725269676874223A7B2278223A3439372E303030303239303537323633342C2279223A3331302E30313536323739373937363634367D2C2275707065724C656674223A7B2278223A3339372E303030303239303537323633342C2279223A3233302E30313536323739373937363634367D7D2C22646F636B657273223A5B5D7D2C7B227265736F757263654964223A227369642D34353242313544322D453733312D343639412D393737392D314631363733363833363541222C2270726F70657274696573223A7B226F766572726964656964223A22222C226E616D65223A22222C22646F63756D656E746174696F6E223A22222C22657865637574696F6E6C697374656E657273223A22227D2C227374656E63696C223A7B226964223A22456E644E6F6E654576656E74227D2C226368696C64536861706573223A5B5D2C226F7574676F696E67223A5B5D2C22626F756E6473223A7B226C6F7765725269676874223A7B2278223A3836302E303030303239303537323633342C2279223A3237382E30313536323739373937363634367D2C2275707065724C656674223A7B2278223A3833322E303030303239303537323633342C2279223A3235302E30313536323739373937363634367D7D2C22646F636B657273223A5B5D7D2C7B227265736F757263654964223A227369642D46463232313145352D424444462D343130352D393844342D373830373033304130433138222C2270726F70657274696573223A7B226F766572726964656964223A22222C226E616D65223A22222C22646F63756D656E746174696F6E223A22222C22636F6E646974696F6E73657175656E6365666C6F77223A22222C22657865637574696F6E6C697374656E657273223A22222C2264656661756C74666C6F77223A2266616C7365227D2C227374656E63696C223A7B226964223A2253657175656E6365466C6F77227D2C226368696C64536861706573223A5B5D2C226F7574676F696E67223A5B7B227265736F757263654964223A227369642D34353242313544322D453733312D343639412D393737392D314631363733363833363541227D5D2C22626F756E6473223A7B226C6F7765725269676874223A7B2278223A3833312E373532303935323237373038312C2279223A3236392E3235303539323038353731337D2C2275707065724C656674223A7B2278223A3439372E383734393136303131383138382C2279223A3236342E32323938383236323338313939357D7D2C22646F636B657273223A5B7B2278223A35302C2279223A34307D2C7B2278223A31342C2279223A31347D5D2C22746172676574223A7B227265736F757263654964223A227369642D34353242313544322D453733312D343639412D393737392D314631363733363833363541227D7D2C7B227265736F757263654964223A227369642D34444443423637372D354332412D344139452D413035422D413335313139353643453538222C2270726F70657274696573223A7B226F766572726964656964223A22222C226E616D65223A22222C22646F63756D656E746174696F6E223A22222C22636F6E646974696F6E73657175656E6365666C6F77223A22222C22657865637574696F6E6C697374656E657273223A22222C2264656661756C74666C6F77223A2266616C7365227D2C227374656E63696C223A7B226964223A2253657175656E6365466C6F77227D2C226368696C64536861706573223A5B5D2C226F7574676F696E67223A5B7B227265736F757263654964223A227369642D32313335393335322D423138462D343143462D393035432D303934454139443446394136227D5D2C22626F756E6473223A7B226C6F7765725269676874223A7B2278223A3339362E323230363639383534373336352C2279223A3431332E31303435373939383234383931367D2C2275707065724C656674223A7B2278223A3136332E36353433353535373033363839352C2279223A3239352E363539303934343939383036357D7D2C22646F636B657273223A5B7B2278223A31352C2279223A31342E3939393939393939393939393939387D2C7B2278223A35302C2279223A34307D5D2C22746172676574223A7B227265736F757263654964223A227369642D32313335393335322D423138462D343143462D393035432D303934454139443446394136227D7D5D2C22626F756E6473223A7B226C6F7765725269676874223A7B2278223A313230302C2279223A313035307D2C2275707065724C656674223A7B2278223A302C2279223A307D7D2C227374656E63696C736574223A7B2275726C223A227374656E63696C736574732F62706D6E322E302F62706D6E322E302E6A736F6E222C226E616D657370616365223A22687474703A2F2F62336D6E2E6F72672F7374656E63696C7365742F62706D6E322E3023227D2C227373657874656E73696F6E73223A5B5D7D, NULL);
INSERT INTO `ACT_GE_BYTEARRAY` VALUES ('28', 2, 'source-extra', NULL, 0x89504E470D0A1A0A0000000D494844520000038E000001E50806000000BA5BA224000000206348524D00007A26000080840000FA00000080E8000075300000EA6000003A98000017709CBA513C0000000467414D410000B18E7CFB5193000000017352474200AECE1CE900000006624B474400FF00FF00FFA0BDA793000000097048597300000EC400000EC401952B0E1B000020004944415478DAEDDD0B7095E581F0F1F79C04122F5C4490A8781DB4781BAD9FADBD508D5D145DED6AA720274267D97E766CA75AFDEA6EAD755D75ACB5566DB5ABAD56DDA20BCD41B0D5564BBDCC67F4A38E75112FA46AEB2D2890E005C23D949C73BEE73926189048801048CEEF37F3CC7BAE39F88421FEF3BC972401000000000000000000000000000000000000000000000000000000000000000000000000000000000000000000000000000000000000000000000000000000000000000000000000000000000000000000000000000000000000000000000000000000000000000000000000000000000000000000000000000000000000000000000000000000000000000000000000000000000000000000000000000000000000000000000000000000000000000000000000000000000000000000000000000000000000000000000000000000000000000000000000000000000000000000000000000000000000000000000000000000000000000000000000000000000000000000000000000000000000000000000000000000000000000000000000000000000000000000000000000000000000000000000000000000000000000000000000000000000000000000000000000000000000000000000000000000000000000000000000000000000000000000000000000000000000000000000000000000000000000000000000000000000000000000000000000000000000000000000000000000000000000000000000000000000000000000000000000000000000000000000000000000000000000000000000000000000000000000000000000000000000000000000000000000000000000000000000000000000000000000000000000000000000000000000000000000000000000000000000000000000000000000000000000000000000000000000000000000000000000000000000000000000000000000000000000000000000000000000000000000000000000000000000000000000000000000000000000000000000000000000000000000000000000000000000000000000000000000000000000000000000000000000000000000000000000000000000000000000000000000000000000000000000000000000000000000000000000000000000000000000000000000000000000000000000000000000000000000000000000000000000000000000000000000000000000000000000000000000000000000000000000000000000000000000000000000000000000000000000A0EF4A990200B645A150A89C3F7FFEF9CB972F9FB47AF5EA4FAC5AB5AA329FCF9B986DFD019D4A152A2B2BDFEFD7AFDF33EBD6ADBB61F4E8D18F9B1500842300BDCE9B6FBEF98D77DF7DF7C6B56BD7EE5A5555950C1A342819306040924EA74DCE368AF1BD72E5CA240479B278F1E2BFB7B6B6BEBC66CD9A4963C78EAD373B000847007A85B7DE7AEBFE37DE78E3CCFDF7DF3FD9679F7DE20A9949D98E162D5A14437D4DB859F3C52F7EF1013302404F2A3305006C4D348671E661871D960C1B364C34F680B892BBE79E7BF67BF7DD774F9F3469D2BC7BEEB9E76F660500E108C04E29EE9EDAD0D070718CC68103077EE4F9756B96248D7F999934BDFC40F2DE9B8F27AB97BE99EC32704452D67F3793B78DFAF7EF9FECB1C71E158D8D8DFF3871E2C487A64E9DFA8E5901A027380805802E8B27C289C734C6DD533B8BC6F9FF737BB2F2BDBF26F9DCDF9342BE3559BDE4F564FE9C5F266B572E3681DD60B7DD764B0E3AE8A07C5959D9CFCC0600C211809D4E3C7B6A3C114E3CA67153DE6F783269FDFBAA8F3C9E5BB7265932FFFF99C06E3262C48821E5E5E5873CFAE8A39F311B00084700762AF1921BF1ECA99D1DD3B866D9DB9DBE77CDF28526B01B0D1D3AB4296CBE622600108E00EC54E2751AE325373A936F5DDBE97385DC3A13D88DF6DA6BAF7DC3A6DA4C00D013CA4D01005DB56AD5AACA78764F76BCF07DD83B6C869909007A82154700BA2C5E943E9DF6A363A7F801FEC1F7C12F8001108E00F42EFD76D9A3D3E7CA2BAC5402807004A0E40DD9FF7349F926AED758D66F9764C801A34D10000847004ADDEEC30E4B761BFA894D3E3E60AF234C1000084700F8E09A8D1B6B5DBBC2C400807004A0D4FD7DD5BBC95BCFDE95AC7CF7E58F3CB7EAFD5793B7E6DC517C0D00201C012841CB16CD0DD17867B27AE99B9DBE6675F3FCA4E1995F244BDF7A2A2914F2260D007A11A7F10660ABC515C4C57FFB437145B12BF2B9BF175FBFE2DD9793BD0EFDC7A4B278294200606767C51180AD165710BB1A8D1DC595C9F9FF73BB0904805EC28A23005B2DAE206EAD42BED50402B0539A3871E288D6D6D6B352A9D489E1EE31615485B17B182D6134150A85E7C3737F2A2B2BCB4E9B366D817004808F316ACC0F4C02007D464D4DCD5961F3AD7C3E7F4208C3FE9B784965180786E70E0CDBB372B9DCF5994CA62EDCBFABB6B676AA70040000E8A342FCC518BCAD50288CDD8AB75787F75587AF715E08C97F993163C66BC2110000A00F99306142269D4EFF3C9FCFEFD1FE5859595972E4914726C71F7F7C3272E4C864F0E0C1C980010392D5AB5727CDCDCD49434343F2CC33CF2473E7CE4DD6AD5BD7FEB6D1E17DCFD5D4D47CB32FAE3E0A470000A054A3F18C108D53433496B507E369A79D969C72CA29C9B061C33EF2FA5D77DDB538F6D9679FE4739FFB5C31221F7AE8A164D6AC59492E978B2FD9BD5028FC7788C7CA108F77F6A5B97256550000A014A331AE34DE1F42AF188D3106AFBDF6DA78629C4D46E3A6C495C8F8FAF8BEFDF6DB6FFDE3E16BDE11E2719270040000E8A5E2318D6565653F6F8FC64F7CE213C995575EB941FC6D89F8BEF8FEA38E3AAA633CFE22C4E328E1080000D01B23289DBEB3FD98C6B8D278F1C517178F61DC167117D68B2EBAA8637CC6DD56EF108E000000BD4CBCE44688C67F88B7E3318D31F6B6351A3BC6E305175C50FCBA6D46F7955D5685230000D06B6432997F8FF1575D5DBDB527FAFC56FB8D78229CADDD3DB533F1EB9D71C619EBEF170A85F3FAC2BC3BAB2A0000D09B5C1D622C193E7C787388C80753A9D4B4D6D6D6D93366CC58B9B9374E9C3871443E9F3F29DE6E3F83EAF670EAA9A7267FF8C31FDA2FD5313A1E5399CD661B84230000400F0AC138386C2685889C1422F0FD1067BF0F8F4DAFA8A8A89B32654ACBA6DE1302F3ACF09AE27EA4471F7D743264C890EDF2678B675B3DF6D863933FFFF9CFED0F8D0BE306E1080000B0E3EC19C6E41091935B5A5A5685889C1102F181C6C6C607EBEAEA5A3BC4E689EDB73FFDE94F6FD73F50FCFA1DC2F144E1080000B0F3D8AD3D22ABAAAA96D4D4D43C12EEDF1D572243541ED3FEA2830F3E78BBFE210E3CF0C08E778FE9ED932A1C0100801D66FCF8F155656565959D3D1F02B02A954A556EE5971F12DE9F09DB4C88C6783FDFFE44DC9D747BDAE8EB0F158E000040B78552BB184B319A36F7BACD855517C26B78181FF77CD5767E7E73F3D09DD3BFFEAA12DD75098ECEC44B737450D9DBFFDE0A4700FAAC871F7EB8785AF4C30F3F7C8BDFBB62C58A64975D7649CACBFDA884ED1D4ADB1A3E3B41186D731C75F2DFD52D61D5CDE1B53D3485D1B285CF576F6584E6C3BCA6DBFF9DDF9EF1B87AF5EA8E775B842300ECA4AEB9E69AE4CC33CFDCE2705CB56A553274E8D064DAB469C9B871E34C24C26907AF28F58130DAD250EA181B4D5D98BFA6F077A06533CFAFDDDA3F4F17BF7EA7CF57565636757696D3AD95C964BA54D5E1CFD51CFE7C8FC54B76545454FCB1A5A5655E7878647CAEB9B979BB8663FCFA1DBC271C01A08F892B8D4F3CF14472E8A1879A8C6E8CA32D0C9DF6FF21ED965DF584D34E1F4ADD112E3B2C8CB6571CB1D5E2F51CFF18C6F4F0EFF963E1FBD2DC21389F6F0FC737DE78A3B857CAF6D2D0D0D0F1EEF3C211007A50F8A19FFCE94F7F2AAE0A8E183122F9DEF7BE979C73CE39C5E7FEF6B7BF25DFFAD6B792679E7926D9679F7D92A54B976EF0DECF7CE633C9C9279F9C3CF8E083C982050B92AF7CE52BC957BFFAD5E4FBDFFF7EF2D24B2F25679D7556F2C31FFE3019366C5872F1C517273FFDE94FD79FAE3DBE77ECD8B1C9430F3D942C5CB83039FBECB38BAFDD6DB7DD76C83C3436362673E7CE8DF371658787E31F66E856C64DFC7F82111F136683DBAE99D62DBA1A3ADDB5AB9E70EA7D2B4AB015B138338C87C2DFC7073BFBFB18FE1E3F11FE3E177725893F2B4E3CF1C4EDF6078A5FBF8327842300F4A0E38E3B2EF9DAD7BE960C1F3E3CF9FDEF7F9F9C7BEEB9C5181C34685031FCF6D8638FE4EEBBEF4EFAF7EF9F9C7FFEF91BBCF7C5175F4CD6AC59935C72C925C52039EFBCF392071E78A0188E23478E2CBEFEBEFBEE4BBEF18D6F145FBB72E5CA0DDE1B63F5BBDFFD6E3116E36B4E3AE9A4E267EE084F3FFD74F2DC73CFC59B57F4C4E77531CCBABAFBDD96BC764B76D5134E5042E26EA86153974EA78B97DAE8B8B2D869FC9497DF9FCBE57E1A6FBEF0C20BC992254B9221438674FB9F2DEEA6FAECB3CFC6DF7CB5FFE339533802400FBAE8A28B923973E6244F3DF554B276EDDA24FC0F40F2DA6BAF1583F0F5D75F2FC654FB318D714572633FFBD9CFD6FF8639DE8EAB8E175C7041F1FE19679C913CF9E493C528DC945B6EB965FD7BEFBDF7DEE4F1C71FDF61E1185740E7CF9F1FFF7BAFEAF0702CDDF7B6267EC273ADE1B9051F1346CD5DF99F32809E10FECDFA6AF87769E696FEC266DAB4690B6A6A6AEAC2BF7763E2CF8F59B3662513274EECF63FDF1FFFF8C7A4B5B5B53D1A6767B3D906E108003D64D9B265C9E9A79F5E3C2E25065CFBB129F1877F7C2CFED6784B4E8413570E3BEE0A19EFC718EB8AB8C21957207794BDF7DE3B39F6D863E3EAE995FE6600A5A6B6B676EA36BCFDD630C6C41B311C4F38E1846E3DD6F1EDB7DF8E7BC4AC5F6D0C917B7B5F98F3B4BF7600F416F137B87FF9CB5F92FAFAFAF83F0DC98F7FFCE3F5BB501E71C411C55D83962F5FDEE5AFD70BCFC408C0B647E7FD6153176FC75F3CDE74D34DC54B73748778098E9B6FBE3997CFE7D7AF3636363666852300F4A0C1830727EBD6AD2BEE92FACE3BEF2437DE78E3FA15C34F7DEA53C9EEBBEF9E5C79E595C95B6FBD550CCB575E79C5A401B029FF92B4EDDABF68D1A2E2CF936D8DC7188D21420B0B172E2C6B7B68652A95FA7A5D5D5D6B5F9830BBAA02D06BC493E08C193326F9C217BE500CC6534E39A5F8785C392C2F2F4F2EBBECB2E4D24B2F4D6EBDF5D664D4A851C55D4F3BAE2AC6DB1FB7CAD8F1F98D5FBBB9FB00F41EF198C30913265C10FE1DFFEFD8447FFDEB5F8BBF788CC7D16FCD6EAB71F7D4B8D2D8211AE3CF886FD6D6D6F699DF60FA890740973DFAE8A385782CC88E162F4551565696ECB5D75E1F792EEEAA1A7759DD7FFFFDFBFCF7239EC827C4B49FE5005B2993C94C0E9B3B92B605B5F8B3E5B4D34E2B1E4F1FF772D99CF8F3261E46118F69ECB07B6AFCE5E6A5D3A74FFF515F9A2B2B8E00F43AF1C4309D193870607100C0E664B3D92913264C886766FD45BC566D3CE6315EEB379E34E7E8A38F2E5ECBF7E0830F2E46E48001038ABBA3C6586C68688897DB8823BF76EDDA78F85F7B34C6B35B5F10A2714A5F9B2BE108000094AC1079D94C26F37408C73BE2653AE2633120E7CE9D5B1C9BD1F19C31B3E3318D7D69F754E1080000D0A6ED3A8B2787801C17E2EFBC1090D55BD04AB3C3B8ABA9A9696A5F39118E70040000E83C206786CDCC8913278EC8E7F3E342407E3EDC3F2E8CAA302AC388BBB5C6B3B13E1FC613F1B56DD1D9E709470000800EA64D9BB6206C6E6A1B24AEE308000080700400004038020000201C010000108E00000008470000008423000000C211000000E108000000C211000000E108000080700400004038020000B0C3949B02003A337EFCF8AA743A7D60185FC8E7F35F6A6C6C342900201C0128C5300C378B23954A1DD07EBB6D54C6D7150A85243C97CC99332799306182890300E108405F96C964666D1C865D75ECB1C79A4000108E00F4E1602C6CE2E1756DDB7E9B79FB7BE974FAE47DF7DDF739330900A5C7C971004A44369B4D6DE2E17E5D88C6A6304EFBF5AF7FFDBC590480D264C511804E150A85E6B03979FAF4E9F56603004A9715478012D2C9AA63679AD2E9F467452300201C014AC8E4C993076F41349E565B5BFBCA063F34D2E9423E9F37913B81F07D981F36AD6602809E605755801209C69696968BD6AC597361BCAC4657A27153C734565656BEB362C58AE183060D32A93BD8D2A54BE34AF0BB660200E108407706E3E0B668AC0BE3AA301EDFF8F5F198C6108D2785687C65535FAF5FBF7EB3972D5BF615E1B8E33535352D0F9B97CD0400C211806E0FC66C361BB7F1F21C1F6991188D1BEF9EDA51F89A3F0EC1F24FFBEDB75FBF2EAC5CB2FD342C59B2E4E8B0FD99A900A027F8A90FD00783B150281483B1EDE10D82B1A30ED776EC74F7D48D3DF9E49373468C18F1BFF6DD775F13BE83D4D7D7DF11C2F1A09303B301404FB0E208D08782F1E356183F464B08CD93433476E9ECA9E133263534343C3B60C0805D070E1C68F27BD8D2A54B1F08D1F8A57C3E2F1A01E831561C017AB1EAEAEAF2E1C387FF6BB87949575618372593C91C185EDBB0259FFBD8638F8DE9D7AFDFCCC30F3F7C9078ECD968ACAFAF3F2ADCBC70CC98310F9A11008423001F1B8C55555593C2CDCBC218B935C1B8AD623C86CD7D071C7040EB7EFBED37C4318FDB554308C647E34A6398E7AF8B46008423005B1A8C4F8771694F0563470F3FFCF0A8743A7D735959D927F7DA6BAF0543870EDD7BD0A04155E131DFAC6D14AFD3182FB911CF9E1A4F845328141685C7FECFD8B163EBCD0E00C21180AE06E36B615C13C2626A5D5DDD0EBD10FC238F3C724C2A95FA4AFCA386715C1895BE6BDB2C7E4FE3C98AE22F04EE3BF9E4939F3625000847007A5D300200C21100C10800201C01042300807004108C0000C211A0F7CA643293052300201C01F8889A9A9AB30A85420CC6E3042300201C01582F93C98C8BC1984AA58E118C0080700460BDB615C6ABC3CD23DB1E6A08E32AC1080008478012175718C3E692E4C35D529BC2B83197CBDD3663C68C95660800108E0025AAA6A6E6D442A1707DF2E10AE37B615C27180100E10850E2CE3EFBEC31E974FA8A707374BC1FE2B139954ADD5C595979D39429539ACD1000201C014A542693A90E9B188CD56D0F358460BCA6A2A262A660040084234009DB788531710C2300201C0188DA5618AFEE108C8E610400842300EB57182F4BDA7649750C2300201C0128DAF81846C1080008470036198C414B08C69B2A2A2AAE138C0080700428ED603C2E6CAEEF188C61DC59565676DDB469D31698210040380294A8F1E3C78F0C71188F619C14467918F144373785C76E178C00807004108C1D83B1358CA9615C95CD661BCC1000201C0104637B30C65D52A7C413DFD4D6D6BE62860000E10820183BAE30DEE618460000E10808C64D0563B65028DC3A7DFAF4A7CD100080700404E306C730E672B96B66CC98F19A190200108E4089CA643207261F5C87513002000847800F4D9E3C79704B4BCB45E1E6C561EC2E1801008423C006C15828142E4CA55283052300807004108C0000C21140300200084700C10800201C01042300807004E8C9608CEAC2FD0BA64F9F5E6F860000842320183708C630AECA66B37566080040380225AABABABABCAAAA6A52B8796D18558211004038026C1C8C97853152300200084700C10800201C01042300807004D88A60DC7BEFBD27170A854B042300807004D82018ABAAAACE0A37AF0E6394600400108E00EB65329971C90767496D5F619C1DC6E582110040380225AEA6A6E6DC781DC670F3C80EC178735353D3FD757575AD66080040380225AA6D85F18AF6600CF1F87CD85C3E7DFAF407CD0E0040EF506E0A80ED188C71857174DB43C515C6C58B175B610400E865AC3802DDAAA6A6E6D442A1707DF2E12EA9AF8571A95D520100842350E236DE2535A84FA552D7353636660523008070040463C75D521BC2B8AAA9A969AA600400108E4069076375D8C45D528F6B7BE8B542A170793E9F7F70C68C192BCD10008070044AD4D9679F3D269D4E5FDB211817A452A94BED920A00201C8112D776D29B4BC2CDEAB6871A42305E5351513173CA9429CD66080040380225AA6D97D4B8C2F899B6879A4240DE9CCFE76FB14B2A0080700404633C4B6ADC2621169BE32EA9B95C6EAA600400108E4009ABA9A919DDB64BEAA9619487B1208C9B2B2B2BEFB44B2A008070044A5826938927BBF9CFA4C32EA961DC9ECBE56EB0C20800201C81D20EC6EA542A7559A150A84E3E58615C19EEDFD2DADA7A8D600400403842890763D2E118C6E0BDE4835D526FB14B2A0000C21104E3C627BDB9A5ACACECF669D3A62D304300000847108C1D8331AE30DE6485110000E108256CFCF8F123CBCACAE2496F4E158C0000084760E360BC2CDC9C1446B96004004038029B0CC6305A4330DE505151719D60040040388260DC2018C3989ACBE5E265355E334300000847108C82110000E10808460000842320180100108E80600400403802DD66F2E4C9835B5A5AAE0D37CF158C0000084760E360BCA850285C984AA5060B4600008423D0593026619B6D6D6DBD5C300200201C41306E108C415D185765B3D93A330400807084125553533334C4E2F982110000E1086C60FCF8F1BBA7D3E9F3C3CD4B04230000C211586FF2E4C9952D2D2D31182F0C638460040040380245ED2B8CA954EA7F87BB23DB1E9E532814AE9A3E7DFA8366080000E10825AA9315C6A743405ED7D8D8F8605D5D5DAB59020040384209AAAEAE2EAFAAAABA28DC3C2FE9B0C218C6754D4D4DF70B46000084239476309E1B6E5E12C6816D0FBF12C6E582110000E108256EC2840999542A7575F2E10AE36B8542E1F2C58B17CF148C0000084728519DAC30BE1602F2AAC6C6C6AC60040040384209DBC40AE32BF12CA956180100108E50C23AAC305EDC2118EB43305E1A82F18F82110000E108252C93C98C0B9B6B930D5718FF4D300200D097959B02D8BC0913269C11367197D463DA1E72D21B00004A861547E844DB2EA967859B578471A4600400403802EB8371EFBDF79E1C02F1B2E4C3B3A436A452A96B2A2A2AA64E9932A5C52C0100201CA144C55D524320C66318AD3002008070840F7CDC2EA9BBECB2CBFD56180100108E50C236711DC605E1FEA58D8D8D592B8C0000201C29ED608CBBA4C615C6E304230000084758AFA6A6E6D442A1707587606C0AE3AACACACA297649050000E14809CB6432D5C907C73056B73D148F61BC399FCF4F993163C64A33040000C291D20DC6716113CF92DA7E0C635308C66B162F5E7C9B5D520100403852C2363E8631C46273B87F632E97BBC90A23000008474AD8D9679F3D269D4E5F9B7438863104E375151515B739861100008423256CE36318DB56186FCEE572375861040000E1C80E1402AD72DEBC79FFFCDC73CF9DD3D8D878CCA2458B765DBE7C79794B4B4B525E5E5E183060C0BA2143862C1C3870E053E1E5575F72C9257FEDE6608C2B8BD7271F9EF4269E25F5F6108DB7D4D6D6BEE73B040000C2911D188CBFF9CD6F7EF9D24B2FD5BCFFFEFBE5871D765872F4D14727FBEDB75F124231A9ACAC4C623CAE58B12279FBEDB793FAFAFA64EEDCB985743AFDD6AA55AB7EF0CB5FFEF2CE6DF9FC73CE39E7987C3E7F59B8795618E5561801004038B21379FAE9A7BFF6D8638FFD7CD9B26515994CA6188C6565655D7AEF0B2FBC9064B3D9DCD2A54B5F5DB264C99742E4BDB6259F3D7EFCF891E1B3AE6D0FC630E2718B778660BC267CAD26DF1D0000108EEC408542A1FC77BFFBDD23B366CD3AE9F4D34F4F4E3BEDB42E07E3C61E7EF8E1E4DE7BEF5D535E5EFEEDAEAC3EB6AD305E186E4E6A0BC6B8AA78A35D5201004038B21345E3134F3CF1D47DF7DDF7A90B2EB82039E49043B6F96BCE9F3F3FF9D18F7EB4A6B5B5F5DFEEBCF3CE5B3B0BC6F0D9D78731A6EDA178EDC5DB42B05E376DDAB405BE330000B0FD959902BAE2D8638F7DECA1871EFAFCE5975F5E3C8EB13B0C1E3C3839FEF8E3FB3DFEF8E3271C7AE8A16FD7D7D7BFD831188F38E288FF0CC1F893707764F2C10AE37FE572B989F7DE7BEFB479F3E62DF75D0100809E61C591CD8AC7344E9932E5AEEF7CE73BDDB2D2B8B1B8F2F81FFFF11FCDEBD6ADFB6C6BB0D1318C561801006007B3E2C8C78A674FFDD5AF7E35FB84134E28FBEC673FBB5D3E23AE3C86684C5E79E59589A954EA5FC3434786910E636A2E971B6F8511000076AC7253C0C7B9FFFEFBEF5AB16245FFB163C76ED7CFC9E7F39531524338E6C2F696F0D08DD96CB6C177000000763C2B8E742A86DCCC9933A77DF9CB5F4E8F183162BB7ED6F0E1C393E6E6E6DCC2850BE7D5D6D69E595F5FDFEC3B0000003B87B429A033F3E6CDFBE777DE79A73C5EA7717B1B366C58F2ED6F7FBBACB2B272EF4C2673A0D9070000E1482FF0DC73CF9D13A3716BAFD5B8358E3AEAA8A6B01967F601004038D20B3436361E73E49147F6E8671E7FFCF183C3E644B30F0000C2915E60D1A245BB1E70C0013DFA99071F7CF0AE61738CD90700809D87B3AAD2A9E5CB9797C74B65F4A44183060D0B9B16B30F00003B0F2B8E74AAA5A525A9ACACECD1CF6CFBBC4AB30F0000C2915EA0A2A2A210E3B127AD59B3667162C51100008423BDC3C08103D73537F7ECE514C3E72D0B9BF7CC3E000008477A81C18307BF357FFEFC1EFDCC79F3E6BD1E36CF9B7D0000108EF40203070E7CA2BEBEBE473FF3A9A79E2A84CD13661F00008423BDC0B265CBAE7DFEF9E7F3B95CAEA73EB2E5D5575F1D15B633CD3E000008477A811FFCE007AFF7EFDFFFCD175E78A1473EEF91471EB92F9FCF2FCA66B30D661F00008423BDC4B265CB2EFDF5AF7FDDDA03AB8ECD77DF7DF7E1A954EA76B30E0000C2915EE4AEBBEE9AB172E5CA9767CD9AB55D3FE7861B6E88AB8DAB1A1B1BB3661D00008423BDCCB265CBFEE9B7BFFDED9A575F7D75BB7CFD79F3E6FDEED9679F3D3D954A7DBDAEAEAED58C0300C0CEA5CC14B039F5F5F5CD471C7144C39C39734E3DFEF8E3FBEDB6DB6EDDF6B5172E5CF8A72BAEB8E213E1E6F76A6B6BFFAFD9060000E1482FF5E28B2FCE1B356A54D3ECD9B3FF216CFBEFB9E79EDBFC35E34A638CC65C2EF78B6C36FB73B30C0000C2915E2E84DE7323478E7C33C4E329656565AD871C7248FF747AABF6766EFEC94F7E929D3E7DFA898542E1DFC3F616B30B00003BAF9429604B653299034330DE3560C08023CE3BEFBC819FFCE42777E9E25B5B1E7DF4D1FBEFB9E79E91ADADAD2DF198C6DADADA57CC2800000847FA6E408E0B01F9CDFEFDFB1F356AD4A877478F1EBDFB41071DD47FC8902155959595C99A356B163737372F7BE9A5975E9D3D7B76D9ABAFBE1A774B5D18DE7A5753534E726901000000E749444154D35427C2010000E14889983871E2887C3E3FAE50287C3EDC3D2E8CAA302AC36809E3BD309E0FE389306666B3D9063306000000000000000000000000000000000000000000000000000000000000000000000000000000000000000000000000000000000000000000000000000000000000000000000000000000000000000000000000000000000000000000000000000000000000000000000000000000000000000000000000000000000000000000000000000000000000000000000000000000000000000000000000000000000000000000000000000000000000005BE8FF03E3E03CD33546FC730000000049454E44AE426082, NULL);
INSERT INTO `ACT_GE_BYTEARRAY` VALUES ('34', 1, 'source', NULL, 0x7B226964223A2263616E766173222C227265736F757263654964223A2263616E766173222C227374656E63696C736574223A7B226E616D657370616365223A22687474703A2F2F62336D6E2E6F72672F7374656E63696C7365742F62706D6E322E3023227D7D, NULL);
COMMIT;

-- ----------------------------
-- Table structure for ACT_GE_PROPERTY
-- ----------------------------
DROP TABLE IF EXISTS `ACT_GE_PROPERTY`;
CREATE TABLE `ACT_GE_PROPERTY` (
  `NAME_` varchar(64) COLLATE utf8_bin NOT NULL,
  `VALUE_` varchar(300) COLLATE utf8_bin DEFAULT NULL,
  `REV_` int(11) DEFAULT NULL,
  PRIMARY KEY (`NAME_`)
) ENGINE=InnoDB DEFAULT CHARSET=utf8 COLLATE=utf8_bin;

-- ----------------------------
-- Records of ACT_GE_PROPERTY
-- ----------------------------
BEGIN;
INSERT INTO `ACT_GE_PROPERTY` VALUES ('next.dbid', '25001', 11);
INSERT INTO `ACT_GE_PROPERTY` VALUES ('schema.history', 'create(5.22.0.0)', 1);
INSERT INTO `ACT_GE_PROPERTY` VALUES ('schema.version', '5.22.0.0', 1);
COMMIT;

-- ----------------------------
-- Table structure for ACT_HI_ACTINST
-- ----------------------------
DROP TABLE IF EXISTS `ACT_HI_ACTINST`;
CREATE TABLE `ACT_HI_ACTINST` (
  `ID_` varchar(64) COLLATE utf8_bin NOT NULL,
  `PROC_DEF_ID_` varchar(64) COLLATE utf8_bin NOT NULL,
  `PROC_INST_ID_` varchar(64) COLLATE utf8_bin NOT NULL,
  `EXECUTION_ID_` varchar(64) COLLATE utf8_bin NOT NULL,
  `ACT_ID_` varchar(255) COLLATE utf8_bin NOT NULL,
  `TASK_ID_` varchar(64) COLLATE utf8_bin DEFAULT NULL,
  `CALL_PROC_INST_ID_` varchar(64) COLLATE utf8_bin DEFAULT NULL,
  `ACT_NAME_` varchar(255) COLLATE utf8_bin DEFAULT NULL,
  `ACT_TYPE_` varchar(255) COLLATE utf8_bin NOT NULL,
  `ASSIGNEE_` varchar(255) COLLATE utf8_bin DEFAULT NULL,
  `START_TIME_` datetime(3) NOT NULL,
  `END_TIME_` datetime(3) DEFAULT NULL,
  `DURATION_` bigint(20) DEFAULT NULL,
  `TENANT_ID_` varchar(255) COLLATE utf8_bin DEFAULT '',
  PRIMARY KEY (`ID_`),
  KEY `ACT_IDX_HI_ACT_INST_START` (`START_TIME_`),
  KEY `ACT_IDX_HI_ACT_INST_END` (`END_TIME_`),
  KEY `ACT_IDX_HI_ACT_INST_PROCINST` (`PROC_INST_ID_`,`ACT_ID_`),
  KEY `ACT_IDX_HI_ACT_INST_EXEC` (`EXECUTION_ID_`,`ACT_ID_`)
) ENGINE=InnoDB DEFAULT CHARSET=utf8 COLLATE=utf8_bin;

-- ----------------------------
-- Table structure for ACT_HI_ATTACHMENT
-- ----------------------------
DROP TABLE IF EXISTS `ACT_HI_ATTACHMENT`;
CREATE TABLE `ACT_HI_ATTACHMENT` (
  `ID_` varchar(64) COLLATE utf8_bin NOT NULL,
  `REV_` int(11) DEFAULT NULL,
  `USER_ID_` varchar(255) COLLATE utf8_bin DEFAULT NULL,
  `NAME_` varchar(255) COLLATE utf8_bin DEFAULT NULL,
  `DESCRIPTION_` varchar(4000) COLLATE utf8_bin DEFAULT NULL,
  `TYPE_` varchar(255) COLLATE utf8_bin DEFAULT NULL,
  `TASK_ID_` varchar(64) COLLATE utf8_bin DEFAULT NULL,
  `PROC_INST_ID_` varchar(64) COLLATE utf8_bin DEFAULT NULL,
  `URL_` varchar(4000) COLLATE utf8_bin DEFAULT NULL,
  `CONTENT_ID_` varchar(64) COLLATE utf8_bin DEFAULT NULL,
  `TIME_` datetime(3) DEFAULT NULL,
  PRIMARY KEY (`ID_`)
) ENGINE=InnoDB DEFAULT CHARSET=utf8 COLLATE=utf8_bin;

-- ----------------------------
-- Table structure for ACT_HI_COMMENT
-- ----------------------------
DROP TABLE IF EXISTS `ACT_HI_COMMENT`;
CREATE TABLE `ACT_HI_COMMENT` (
  `ID_` varchar(64) COLLATE utf8_bin NOT NULL,
  `TYPE_` varchar(255) COLLATE utf8_bin DEFAULT NULL,
  `TIME_` datetime(3) NOT NULL,
  `USER_ID_` varchar(255) COLLATE utf8_bin DEFAULT NULL,
  `TASK_ID_` varchar(64) COLLATE utf8_bin DEFAULT NULL,
  `PROC_INST_ID_` varchar(64) COLLATE utf8_bin DEFAULT NULL,
  `ACTION_` varchar(255) COLLATE utf8_bin DEFAULT NULL,
  `MESSAGE_` varchar(4000) COLLATE utf8_bin DEFAULT NULL,
  `FULL_MSG_` longblob,
  PRIMARY KEY (`ID_`)
) ENGINE=InnoDB DEFAULT CHARSET=utf8 COLLATE=utf8_bin;

-- ----------------------------
-- Table structure for ACT_HI_DETAIL
-- ----------------------------
DROP TABLE IF EXISTS `ACT_HI_DETAIL`;
CREATE TABLE `ACT_HI_DETAIL` (
  `ID_` varchar(64) COLLATE utf8_bin NOT NULL,
  `TYPE_` varchar(255) COLLATE utf8_bin NOT NULL,
  `PROC_INST_ID_` varchar(64) COLLATE utf8_bin DEFAULT NULL,
  `EXECUTION_ID_` varchar(64) COLLATE utf8_bin DEFAULT NULL,
  `TASK_ID_` varchar(64) COLLATE utf8_bin DEFAULT NULL,
  `ACT_INST_ID_` varchar(64) COLLATE utf8_bin DEFAULT NULL,
  `NAME_` varchar(255) COLLATE utf8_bin NOT NULL,
  `VAR_TYPE_` varchar(255) COLLATE utf8_bin DEFAULT NULL,
  `REV_` int(11) DEFAULT NULL,
  `TIME_` datetime(3) NOT NULL,
  `BYTEARRAY_ID_` varchar(64) COLLATE utf8_bin DEFAULT NULL,
  `DOUBLE_` double DEFAULT NULL,
  `LONG_` bigint(20) DEFAULT NULL,
  `TEXT_` varchar(4000) COLLATE utf8_bin DEFAULT NULL,
  `TEXT2_` varchar(4000) COLLATE utf8_bin DEFAULT NULL,
  PRIMARY KEY (`ID_`),
  KEY `ACT_IDX_HI_DETAIL_PROC_INST` (`PROC_INST_ID_`),
  KEY `ACT_IDX_HI_DETAIL_ACT_INST` (`ACT_INST_ID_`),
  KEY `ACT_IDX_HI_DETAIL_TIME` (`TIME_`),
  KEY `ACT_IDX_HI_DETAIL_NAME` (`NAME_`),
  KEY `ACT_IDX_HI_DETAIL_TASK_ID` (`TASK_ID_`)
) ENGINE=InnoDB DEFAULT CHARSET=utf8 COLLATE=utf8_bin;

-- ----------------------------
-- Table structure for ACT_HI_IDENTITYLINK
-- ----------------------------
DROP TABLE IF EXISTS `ACT_HI_IDENTITYLINK`;
CREATE TABLE `ACT_HI_IDENTITYLINK` (
  `ID_` varchar(64) COLLATE utf8_bin NOT NULL,
  `GROUP_ID_` varchar(255) COLLATE utf8_bin DEFAULT NULL,
  `TYPE_` varchar(255) COLLATE utf8_bin DEFAULT NULL,
  `USER_ID_` varchar(255) COLLATE utf8_bin DEFAULT NULL,
  `TASK_ID_` varchar(64) COLLATE utf8_bin DEFAULT NULL,
  `PROC_INST_ID_` varchar(64) COLLATE utf8_bin DEFAULT NULL,
  PRIMARY KEY (`ID_`),
  KEY `ACT_IDX_HI_IDENT_LNK_USER` (`USER_ID_`),
  KEY `ACT_IDX_HI_IDENT_LNK_TASK` (`TASK_ID_`),
  KEY `ACT_IDX_HI_IDENT_LNK_PROCINST` (`PROC_INST_ID_`)
) ENGINE=InnoDB DEFAULT CHARSET=utf8 COLLATE=utf8_bin;

-- ----------------------------
-- Table structure for ACT_HI_PROCINST
-- ----------------------------
DROP TABLE IF EXISTS `ACT_HI_PROCINST`;
CREATE TABLE `ACT_HI_PROCINST` (
  `ID_` varchar(64) COLLATE utf8_bin NOT NULL,
  `PROC_INST_ID_` varchar(64) COLLATE utf8_bin NOT NULL,
  `BUSINESS_KEY_` varchar(255) COLLATE utf8_bin DEFAULT NULL,
  `PROC_DEF_ID_` varchar(64) COLLATE utf8_bin NOT NULL,
  `START_TIME_` datetime(3) NOT NULL,
  `END_TIME_` datetime(3) DEFAULT NULL,
  `DURATION_` bigint(20) DEFAULT NULL,
  `START_USER_ID_` varchar(255) COLLATE utf8_bin DEFAULT NULL,
  `START_ACT_ID_` varchar(255) COLLATE utf8_bin DEFAULT NULL,
  `END_ACT_ID_` varchar(255) COLLATE utf8_bin DEFAULT NULL,
  `SUPER_PROCESS_INSTANCE_ID_` varchar(64) COLLATE utf8_bin DEFAULT NULL,
  `DELETE_REASON_` varchar(4000) COLLATE utf8_bin DEFAULT NULL,
  `TENANT_ID_` varchar(255) COLLATE utf8_bin DEFAULT '',
  `NAME_` varchar(255) COLLATE utf8_bin DEFAULT NULL,
  PRIMARY KEY (`ID_`),
  UNIQUE KEY `PROC_INST_ID_` (`PROC_INST_ID_`),
  KEY `ACT_IDX_HI_PRO_INST_END` (`END_TIME_`),
  KEY `ACT_IDX_HI_PRO_I_BUSKEY` (`BUSINESS_KEY_`)
) ENGINE=InnoDB DEFAULT CHARSET=utf8 COLLATE=utf8_bin;

-- ----------------------------
-- Table structure for ACT_HI_TASKINST
-- ----------------------------
DROP TABLE IF EXISTS `ACT_HI_TASKINST`;
CREATE TABLE `ACT_HI_TASKINST` (
  `ID_` varchar(64) COLLATE utf8_bin NOT NULL,
  `PROC_DEF_ID_` varchar(64) COLLATE utf8_bin DEFAULT NULL,
  `TASK_DEF_KEY_` varchar(255) COLLATE utf8_bin DEFAULT NULL,
  `PROC_INST_ID_` varchar(64) COLLATE utf8_bin DEFAULT NULL,
  `EXECUTION_ID_` varchar(64) COLLATE utf8_bin DEFAULT NULL,
  `NAME_` varchar(255) COLLATE utf8_bin DEFAULT NULL,
  `PARENT_TASK_ID_` varchar(64) COLLATE utf8_bin DEFAULT NULL,
  `DESCRIPTION_` varchar(4000) COLLATE utf8_bin DEFAULT NULL,
  `OWNER_` varchar(255) COLLATE utf8_bin DEFAULT NULL,
  `ASSIGNEE_` varchar(255) COLLATE utf8_bin DEFAULT NULL,
  `START_TIME_` datetime(3) NOT NULL,
  `CLAIM_TIME_` datetime(3) DEFAULT NULL,
  `END_TIME_` datetime(3) DEFAULT NULL,
  `DURATION_` bigint(20) DEFAULT NULL,
  `DELETE_REASON_` varchar(4000) COLLATE utf8_bin DEFAULT NULL,
  `PRIORITY_` int(11) DEFAULT NULL,
  `DUE_DATE_` datetime(3) DEFAULT NULL,
  `FORM_KEY_` varchar(255) COLLATE utf8_bin DEFAULT NULL,
  `CATEGORY_` varchar(255) COLLATE utf8_bin DEFAULT NULL,
  `TENANT_ID_` varchar(255) COLLATE utf8_bin DEFAULT '',
  PRIMARY KEY (`ID_`),
  KEY `ACT_IDX_HI_TASK_INST_PROCINST` (`PROC_INST_ID_`)
) ENGINE=InnoDB DEFAULT CHARSET=utf8 COLLATE=utf8_bin;

-- ----------------------------
-- Table structure for ACT_HI_VARINST
-- ----------------------------
DROP TABLE IF EXISTS `ACT_HI_VARINST`;
CREATE TABLE `ACT_HI_VARINST` (
  `ID_` varchar(64) COLLATE utf8_bin NOT NULL,
  `PROC_INST_ID_` varchar(64) COLLATE utf8_bin DEFAULT NULL,
  `EXECUTION_ID_` varchar(64) COLLATE utf8_bin DEFAULT NULL,
  `TASK_ID_` varchar(64) COLLATE utf8_bin DEFAULT NULL,
  `NAME_` varchar(255) COLLATE utf8_bin NOT NULL,
  `VAR_TYPE_` varchar(100) COLLATE utf8_bin DEFAULT NULL,
  `REV_` int(11) DEFAULT NULL,
  `BYTEARRAY_ID_` varchar(64) COLLATE utf8_bin DEFAULT NULL,
  `DOUBLE_` double DEFAULT NULL,
  `LONG_` bigint(20) DEFAULT NULL,
  `TEXT_` varchar(4000) COLLATE utf8_bin DEFAULT NULL,
  `TEXT2_` varchar(4000) COLLATE utf8_bin DEFAULT NULL,
  `CREATE_TIME_` datetime(3) DEFAULT NULL,
  `LAST_UPDATED_TIME_` datetime(3) DEFAULT NULL,
  PRIMARY KEY (`ID_`),
  KEY `ACT_IDX_HI_PROCVAR_PROC_INST` (`PROC_INST_ID_`),
  KEY `ACT_IDX_HI_PROCVAR_NAME_TYPE` (`NAME_`,`VAR_TYPE_`),
  KEY `ACT_IDX_HI_PROCVAR_TASK_ID` (`TASK_ID_`)
) ENGINE=InnoDB DEFAULT CHARSET=utf8 COLLATE=utf8_bin;

-- ----------------------------
-- Table structure for ACT_ID_GROUP
-- ----------------------------
DROP TABLE IF EXISTS `ACT_ID_GROUP`;
CREATE TABLE `ACT_ID_GROUP` (
  `ID_` varchar(64) COLLATE utf8_bin NOT NULL,
  `REV_` int(11) DEFAULT NULL,
  `NAME_` varchar(255) COLLATE utf8_bin DEFAULT NULL,
  `TYPE_` varchar(255) COLLATE utf8_bin DEFAULT NULL,
  PRIMARY KEY (`ID_`)
) ENGINE=InnoDB DEFAULT CHARSET=utf8 COLLATE=utf8_bin;

-- ----------------------------
-- Table structure for ACT_ID_INFO
-- ----------------------------
DROP TABLE IF EXISTS `ACT_ID_INFO`;
CREATE TABLE `ACT_ID_INFO` (
  `ID_` varchar(64) COLLATE utf8_bin NOT NULL,
  `REV_` int(11) DEFAULT NULL,
  `USER_ID_` varchar(64) COLLATE utf8_bin DEFAULT NULL,
  `TYPE_` varchar(64) COLLATE utf8_bin DEFAULT NULL,
  `KEY_` varchar(255) COLLATE utf8_bin DEFAULT NULL,
  `VALUE_` varchar(255) COLLATE utf8_bin DEFAULT NULL,
  `PASSWORD_` longblob,
  `PARENT_ID_` varchar(255) COLLATE utf8_bin DEFAULT NULL,
  PRIMARY KEY (`ID_`)
) ENGINE=InnoDB DEFAULT CHARSET=utf8 COLLATE=utf8_bin;

-- ----------------------------
-- Table structure for ACT_ID_MEMBERSHIP
-- ----------------------------
DROP TABLE IF EXISTS `ACT_ID_MEMBERSHIP`;
CREATE TABLE `ACT_ID_MEMBERSHIP` (
  `USER_ID_` varchar(64) COLLATE utf8_bin NOT NULL,
  `GROUP_ID_` varchar(64) COLLATE utf8_bin NOT NULL,
  PRIMARY KEY (`USER_ID_`,`GROUP_ID_`),
  KEY `ACT_FK_MEMB_GROUP` (`GROUP_ID_`),
  CONSTRAINT `ACT_FK_MEMB_GROUP` FOREIGN KEY (`GROUP_ID_`) REFERENCES `ACT_ID_GROUP` (`ID_`),
  CONSTRAINT `ACT_FK_MEMB_USER` FOREIGN KEY (`USER_ID_`) REFERENCES `ACT_ID_USER` (`ID_`)
) ENGINE=InnoDB DEFAULT CHARSET=utf8 COLLATE=utf8_bin;

-- ----------------------------
-- Table structure for ACT_ID_USER
-- ----------------------------
DROP TABLE IF EXISTS `ACT_ID_USER`;
CREATE TABLE `ACT_ID_USER` (
  `ID_` varchar(64) COLLATE utf8_bin NOT NULL,
  `REV_` int(11) DEFAULT NULL,
  `FIRST_` varchar(255) COLLATE utf8_bin DEFAULT NULL,
  `LAST_` varchar(255) COLLATE utf8_bin DEFAULT NULL,
  `EMAIL_` varchar(255) COLLATE utf8_bin DEFAULT NULL,
  `PWD_` varchar(255) COLLATE utf8_bin DEFAULT NULL,
  `PICTURE_ID_` varchar(64) COLLATE utf8_bin DEFAULT NULL,
  PRIMARY KEY (`ID_`)
) ENGINE=InnoDB DEFAULT CHARSET=utf8 COLLATE=utf8_bin;

-- ----------------------------
-- Table structure for ACT_PROCDEF_INFO
-- ----------------------------
DROP TABLE IF EXISTS `ACT_PROCDEF_INFO`;
CREATE TABLE `ACT_PROCDEF_INFO` (
  `ID_` varchar(64) COLLATE utf8_bin NOT NULL,
  `PROC_DEF_ID_` varchar(64) COLLATE utf8_bin NOT NULL,
  `REV_` int(11) DEFAULT NULL,
  `INFO_JSON_ID_` varchar(64) COLLATE utf8_bin DEFAULT NULL,
  PRIMARY KEY (`ID_`),
  UNIQUE KEY `ACT_UNIQ_INFO_PROCDEF` (`PROC_DEF_ID_`),
  KEY `ACT_IDX_INFO_PROCDEF` (`PROC_DEF_ID_`),
  KEY `ACT_FK_INFO_JSON_BA` (`INFO_JSON_ID_`),
  CONSTRAINT `ACT_FK_INFO_JSON_BA` FOREIGN KEY (`INFO_JSON_ID_`) REFERENCES `ACT_GE_BYTEARRAY` (`ID_`),
  CONSTRAINT `ACT_FK_INFO_PROCDEF` FOREIGN KEY (`PROC_DEF_ID_`) REFERENCES `ACT_RE_PROCDEF` (`ID_`)
) ENGINE=InnoDB DEFAULT CHARSET=utf8 COLLATE=utf8_bin;

-- ----------------------------
-- Table structure for ACT_RE_DEPLOYMENT
-- ----------------------------
DROP TABLE IF EXISTS `ACT_RE_DEPLOYMENT`;
CREATE TABLE `ACT_RE_DEPLOYMENT` (
  `ID_` varchar(64) COLLATE utf8_bin NOT NULL,
  `NAME_` varchar(255) COLLATE utf8_bin DEFAULT NULL,
  `CATEGORY_` varchar(255) COLLATE utf8_bin DEFAULT NULL,
  `TENANT_ID_` varchar(255) COLLATE utf8_bin DEFAULT '',
  `DEPLOY_TIME_` timestamp(3) NULL DEFAULT NULL,
  PRIMARY KEY (`ID_`)
) ENGINE=InnoDB DEFAULT CHARSET=utf8 COLLATE=utf8_bin;

-- ----------------------------
-- Records of ACT_RE_DEPLOYMENT
-- ----------------------------
BEGIN;
INSERT INTO `ACT_RE_DEPLOYMENT` VALUES ('22504', '测试Model', NULL, '', '2020-12-09 01:14:26.950');
COMMIT;

-- ----------------------------
-- Table structure for ACT_RE_MODEL
-- ----------------------------
DROP TABLE IF EXISTS `ACT_RE_MODEL`;
CREATE TABLE `ACT_RE_MODEL` (
  `ID_` varchar(64) COLLATE utf8_bin NOT NULL,
  `REV_` int(11) DEFAULT NULL,
  `NAME_` varchar(255) COLLATE utf8_bin DEFAULT NULL,
  `KEY_` varchar(255) COLLATE utf8_bin DEFAULT NULL,
  `CATEGORY_` varchar(255) COLLATE utf8_bin DEFAULT NULL,
  `CREATE_TIME_` timestamp(3) NULL DEFAULT NULL,
  `LAST_UPDATE_TIME_` timestamp(3) NULL DEFAULT NULL,
  `VERSION_` int(11) DEFAULT NULL,
  `META_INFO_` varchar(4000) COLLATE utf8_bin DEFAULT NULL,
  `DEPLOYMENT_ID_` varchar(64) COLLATE utf8_bin DEFAULT NULL,
  `EDITOR_SOURCE_VALUE_ID_` varchar(64) COLLATE utf8_bin DEFAULT NULL,
  `EDITOR_SOURCE_EXTRA_VALUE_ID_` varchar(64) COLLATE utf8_bin DEFAULT NULL,
  `TENANT_ID_` varchar(255) COLLATE utf8_bin DEFAULT '',
  PRIMARY KEY (`ID_`),
  KEY `ACT_FK_MODEL_SOURCE` (`EDITOR_SOURCE_VALUE_ID_`),
  KEY `ACT_FK_MODEL_SOURCE_EXTRA` (`EDITOR_SOURCE_EXTRA_VALUE_ID_`),
  KEY `ACT_FK_MODEL_DEPLOYMENT` (`DEPLOYMENT_ID_`),
  CONSTRAINT `ACT_FK_MODEL_DEPLOYMENT` FOREIGN KEY (`DEPLOYMENT_ID_`) REFERENCES `ACT_RE_DEPLOYMENT` (`ID_`),
  CONSTRAINT `ACT_FK_MODEL_SOURCE` FOREIGN KEY (`EDITOR_SOURCE_VALUE_ID_`) REFERENCES `ACT_GE_BYTEARRAY` (`ID_`),
  CONSTRAINT `ACT_FK_MODEL_SOURCE_EXTRA` FOREIGN KEY (`EDITOR_SOURCE_EXTRA_VALUE_ID_`) REFERENCES `ACT_GE_BYTEARRAY` (`ID_`)
) ENGINE=InnoDB DEFAULT CHARSET=utf8 COLLATE=utf8_bin;

-- ----------------------------
-- Records of ACT_RE_MODEL
-- ----------------------------
BEGIN;
INSERT INTO `ACT_RE_MODEL` VALUES ('22501', 5, '测试Model', 'test_key', NULL, '2020-12-09 01:03:03.569', '2020-12-09 01:14:27.253', 1, '{\"name\":\"测试Model\",\"description\":\"\",\"revision\":1}', '22504', '22502', '22503', '');
COMMIT;

-- ----------------------------
-- Table structure for ACT_RE_PROCDEF
-- ----------------------------
DROP TABLE IF EXISTS `ACT_RE_PROCDEF`;
CREATE TABLE `ACT_RE_PROCDEF` (
  `ID_` varchar(64) COLLATE utf8_bin NOT NULL,
  `REV_` int(11) DEFAULT NULL,
  `CATEGORY_` varchar(255) COLLATE utf8_bin DEFAULT NULL,
  `NAME_` varchar(255) COLLATE utf8_bin DEFAULT NULL,
  `KEY_` varchar(255) COLLATE utf8_bin NOT NULL,
  `VERSION_` int(11) NOT NULL,
  `DEPLOYMENT_ID_` varchar(64) COLLATE utf8_bin DEFAULT NULL,
  `RESOURCE_NAME_` varchar(4000) COLLATE utf8_bin DEFAULT NULL,
  `DGRM_RESOURCE_NAME_` varchar(4000) COLLATE utf8_bin DEFAULT NULL,
  `DESCRIPTION_` varchar(4000) COLLATE utf8_bin DEFAULT NULL,
  `HAS_START_FORM_KEY_` tinyint(4) DEFAULT NULL,
  `HAS_GRAPHICAL_NOTATION_` tinyint(4) DEFAULT NULL,
  `SUSPENSION_STATE_` int(11) DEFAULT NULL,
  `TENANT_ID_` varchar(255) COLLATE utf8_bin DEFAULT '',
  PRIMARY KEY (`ID_`),
  UNIQUE KEY `ACT_UNIQ_PROCDEF` (`KEY_`,`VERSION_`,`TENANT_ID_`)
) ENGINE=InnoDB DEFAULT CHARSET=utf8 COLLATE=utf8_bin;

-- ----------------------------
-- Records of ACT_RE_PROCDEF
-- ----------------------------
BEGIN;
INSERT INTO `ACT_RE_PROCDEF` VALUES ('测试流程:1:22507', 1, 'http://www.activiti.org/processdef', NULL, '测试流程', 1, '22504', '测试Model.bpmn20.xml', '测试Model.测试流程.png', NULL, 0, 1, 1, '');
COMMIT;

-- ----------------------------
-- Table structure for ACT_RU_EVENT_SUBSCR
-- ----------------------------
DROP TABLE IF EXISTS `ACT_RU_EVENT_SUBSCR`;
CREATE TABLE `ACT_RU_EVENT_SUBSCR` (
  `ID_` varchar(64) COLLATE utf8_bin NOT NULL,
  `REV_` int(11) DEFAULT NULL,
  `EVENT_TYPE_` varchar(255) COLLATE utf8_bin NOT NULL,
  `EVENT_NAME_` varchar(255) COLLATE utf8_bin DEFAULT NULL,
  `EXECUTION_ID_` varchar(64) COLLATE utf8_bin DEFAULT NULL,
  `PROC_INST_ID_` varchar(64) COLLATE utf8_bin DEFAULT NULL,
  `ACTIVITY_ID_` varchar(64) COLLATE utf8_bin DEFAULT NULL,
  `CONFIGURATION_` varchar(255) COLLATE utf8_bin DEFAULT NULL,
  `CREATED_` timestamp(3) NOT NULL DEFAULT CURRENT_TIMESTAMP(3),
  `PROC_DEF_ID_` varchar(64) COLLATE utf8_bin DEFAULT NULL,
  `TENANT_ID_` varchar(255) COLLATE utf8_bin DEFAULT '',
  PRIMARY KEY (`ID_`),
  KEY `ACT_IDX_EVENT_SUBSCR_CONFIG_` (`CONFIGURATION_`),
  KEY `ACT_FK_EVENT_EXEC` (`EXECUTION_ID_`),
  CONSTRAINT `ACT_FK_EVENT_EXEC` FOREIGN KEY (`EXECUTION_ID_`) REFERENCES `ACT_RU_EXECUTION` (`ID_`)
) ENGINE=InnoDB DEFAULT CHARSET=utf8 COLLATE=utf8_bin;

-- ----------------------------
-- Table structure for ACT_RU_EXECUTION
-- ----------------------------
DROP TABLE IF EXISTS `ACT_RU_EXECUTION`;
CREATE TABLE `ACT_RU_EXECUTION` (
  `ID_` varchar(64) COLLATE utf8_bin NOT NULL,
  `REV_` int(11) DEFAULT NULL,
  `PROC_INST_ID_` varchar(64) COLLATE utf8_bin DEFAULT NULL,
  `BUSINESS_KEY_` varchar(255) COLLATE utf8_bin DEFAULT NULL,
  `PARENT_ID_` varchar(64) COLLATE utf8_bin DEFAULT NULL,
  `PROC_DEF_ID_` varchar(64) COLLATE utf8_bin DEFAULT NULL,
  `SUPER_EXEC_` varchar(64) COLLATE utf8_bin DEFAULT NULL,
  `ACT_ID_` varchar(255) COLLATE utf8_bin DEFAULT NULL,
  `IS_ACTIVE_` tinyint(4) DEFAULT NULL,
  `IS_CONCURRENT_` tinyint(4) DEFAULT NULL,
  `IS_SCOPE_` tinyint(4) DEFAULT NULL,
  `IS_EVENT_SCOPE_` tinyint(4) DEFAULT NULL,
  `SUSPENSION_STATE_` int(11) DEFAULT NULL,
  `CACHED_ENT_STATE_` int(11) DEFAULT NULL,
  `TENANT_ID_` varchar(255) COLLATE utf8_bin DEFAULT '',
  `NAME_` varchar(255) COLLATE utf8_bin DEFAULT NULL,
  `LOCK_TIME_` timestamp(3) NULL DEFAULT NULL,
  PRIMARY KEY (`ID_`),
  KEY `ACT_IDX_EXEC_BUSKEY` (`BUSINESS_KEY_`),
  KEY `ACT_FK_EXE_PROCINST` (`PROC_INST_ID_`),
  KEY `ACT_FK_EXE_PARENT` (`PARENT_ID_`),
  KEY `ACT_FK_EXE_SUPER` (`SUPER_EXEC_`),
  KEY `ACT_FK_EXE_PROCDEF` (`PROC_DEF_ID_`),
  CONSTRAINT `ACT_FK_EXE_PARENT` FOREIGN KEY (`PARENT_ID_`) REFERENCES `ACT_RU_EXECUTION` (`ID_`),
  CONSTRAINT `ACT_FK_EXE_PROCDEF` FOREIGN KEY (`PROC_DEF_ID_`) REFERENCES `ACT_RE_PROCDEF` (`ID_`),
  CONSTRAINT `ACT_FK_EXE_PROCINST` FOREIGN KEY (`PROC_INST_ID_`) REFERENCES `ACT_RU_EXECUTION` (`ID_`) ON DELETE CASCADE ON UPDATE CASCADE,
  CONSTRAINT `ACT_FK_EXE_SUPER` FOREIGN KEY (`SUPER_EXEC_`) REFERENCES `ACT_RU_EXECUTION` (`ID_`)
) ENGINE=InnoDB DEFAULT CHARSET=utf8 COLLATE=utf8_bin;

-- ----------------------------
-- Table structure for ACT_RU_IDENTITYLINK
-- ----------------------------
DROP TABLE IF EXISTS `ACT_RU_IDENTITYLINK`;
CREATE TABLE `ACT_RU_IDENTITYLINK` (
  `ID_` varchar(64) COLLATE utf8_bin NOT NULL,
  `REV_` int(11) DEFAULT NULL,
  `GROUP_ID_` varchar(255) COLLATE utf8_bin DEFAULT NULL,
  `TYPE_` varchar(255) COLLATE utf8_bin DEFAULT NULL,
  `USER_ID_` varchar(255) COLLATE utf8_bin DEFAULT NULL,
  `TASK_ID_` varchar(64) COLLATE utf8_bin DEFAULT NULL,
  `PROC_INST_ID_` varchar(64) COLLATE utf8_bin DEFAULT NULL,
  `PROC_DEF_ID_` varchar(64) COLLATE utf8_bin DEFAULT NULL,
  PRIMARY KEY (`ID_`),
  KEY `ACT_IDX_IDENT_LNK_USER` (`USER_ID_`),
  KEY `ACT_IDX_IDENT_LNK_GROUP` (`GROUP_ID_`),
  KEY `ACT_IDX_ATHRZ_PROCEDEF` (`PROC_DEF_ID_`),
  KEY `ACT_FK_TSKASS_TASK` (`TASK_ID_`),
  KEY `ACT_FK_IDL_PROCINST` (`PROC_INST_ID_`),
  CONSTRAINT `ACT_FK_ATHRZ_PROCEDEF` FOREIGN KEY (`PROC_DEF_ID_`) REFERENCES `ACT_RE_PROCDEF` (`ID_`),
  CONSTRAINT `ACT_FK_IDL_PROCINST` FOREIGN KEY (`PROC_INST_ID_`) REFERENCES `ACT_RU_EXECUTION` (`ID_`),
  CONSTRAINT `ACT_FK_TSKASS_TASK` FOREIGN KEY (`TASK_ID_`) REFERENCES `ACT_RU_TASK` (`ID_`)
) ENGINE=InnoDB DEFAULT CHARSET=utf8 COLLATE=utf8_bin;

-- ----------------------------
-- Table structure for ACT_RU_JOB
-- ----------------------------
DROP TABLE IF EXISTS `ACT_RU_JOB`;
CREATE TABLE `ACT_RU_JOB` (
  `ID_` varchar(64) COLLATE utf8_bin NOT NULL,
  `REV_` int(11) DEFAULT NULL,
  `TYPE_` varchar(255) COLLATE utf8_bin NOT NULL,
  `LOCK_EXP_TIME_` timestamp(3) NULL DEFAULT NULL,
  `LOCK_OWNER_` varchar(255) COLLATE utf8_bin DEFAULT NULL,
  `EXCLUSIVE_` tinyint(1) DEFAULT NULL,
  `EXECUTION_ID_` varchar(64) COLLATE utf8_bin DEFAULT NULL,
  `PROCESS_INSTANCE_ID_` varchar(64) COLLATE utf8_bin DEFAULT NULL,
  `PROC_DEF_ID_` varchar(64) COLLATE utf8_bin DEFAULT NULL,
  `RETRIES_` int(11) DEFAULT NULL,
  `EXCEPTION_STACK_ID_` varchar(64) COLLATE utf8_bin DEFAULT NULL,
  `EXCEPTION_MSG_` varchar(4000) COLLATE utf8_bin DEFAULT NULL,
  `DUEDATE_` timestamp(3) NULL DEFAULT NULL,
  `REPEAT_` varchar(255) COLLATE utf8_bin DEFAULT NULL,
  `HANDLER_TYPE_` varchar(255) COLLATE utf8_bin DEFAULT NULL,
  `HANDLER_CFG_` varchar(4000) COLLATE utf8_bin DEFAULT NULL,
  `TENANT_ID_` varchar(255) COLLATE utf8_bin DEFAULT '',
  PRIMARY KEY (`ID_`),
  KEY `ACT_FK_JOB_EXCEPTION` (`EXCEPTION_STACK_ID_`),
  CONSTRAINT `ACT_FK_JOB_EXCEPTION` FOREIGN KEY (`EXCEPTION_STACK_ID_`) REFERENCES `ACT_GE_BYTEARRAY` (`ID_`)
) ENGINE=InnoDB DEFAULT CHARSET=utf8 COLLATE=utf8_bin;

-- ----------------------------
-- Table structure for ACT_RU_TASK
-- ----------------------------
DROP TABLE IF EXISTS `ACT_RU_TASK`;
CREATE TABLE `ACT_RU_TASK` (
  `ID_` varchar(64) COLLATE utf8_bin NOT NULL,
  `REV_` int(11) DEFAULT NULL,
  `EXECUTION_ID_` varchar(64) COLLATE utf8_bin DEFAULT NULL,
  `PROC_INST_ID_` varchar(64) COLLATE utf8_bin DEFAULT NULL,
  `PROC_DEF_ID_` varchar(64) COLLATE utf8_bin DEFAULT NULL,
  `NAME_` varchar(255) COLLATE utf8_bin DEFAULT NULL,
  `PARENT_TASK_ID_` varchar(64) COLLATE utf8_bin DEFAULT NULL,
  `DESCRIPTION_` varchar(4000) COLLATE utf8_bin DEFAULT NULL,
  `TASK_DEF_KEY_` varchar(255) COLLATE utf8_bin DEFAULT NULL,
  `OWNER_` varchar(255) COLLATE utf8_bin DEFAULT NULL,
  `ASSIGNEE_` varchar(255) COLLATE utf8_bin DEFAULT NULL,
  `DELEGATION_` varchar(64) COLLATE utf8_bin DEFAULT NULL,
  `PRIORITY_` int(11) DEFAULT NULL,
  `CREATE_TIME_` timestamp(3) NULL DEFAULT NULL,
  `DUE_DATE_` datetime(3) DEFAULT NULL,
  `CATEGORY_` varchar(255) COLLATE utf8_bin DEFAULT NULL,
  `SUSPENSION_STATE_` int(11) DEFAULT NULL,
  `TENANT_ID_` varchar(255) COLLATE utf8_bin DEFAULT '',
  `FORM_KEY_` varchar(255) COLLATE utf8_bin DEFAULT NULL,
  PRIMARY KEY (`ID_`),
  KEY `ACT_IDX_TASK_CREATE` (`CREATE_TIME_`),
  KEY `ACT_FK_TASK_EXE` (`EXECUTION_ID_`),
  KEY `ACT_FK_TASK_PROCINST` (`PROC_INST_ID_`),
  KEY `ACT_FK_TASK_PROCDEF` (`PROC_DEF_ID_`),
  CONSTRAINT `ACT_FK_TASK_EXE` FOREIGN KEY (`EXECUTION_ID_`) REFERENCES `ACT_RU_EXECUTION` (`ID_`),
  CONSTRAINT `ACT_FK_TASK_PROCDEF` FOREIGN KEY (`PROC_DEF_ID_`) REFERENCES `ACT_RE_PROCDEF` (`ID_`),
  CONSTRAINT `ACT_FK_TASK_PROCINST` FOREIGN KEY (`PROC_INST_ID_`) REFERENCES `ACT_RU_EXECUTION` (`ID_`)
) ENGINE=InnoDB DEFAULT CHARSET=utf8 COLLATE=utf8_bin;

-- ----------------------------
-- Table structure for ACT_RU_VARIABLE
-- ----------------------------
DROP TABLE IF EXISTS `ACT_RU_VARIABLE`;
CREATE TABLE `ACT_RU_VARIABLE` (
  `ID_` varchar(64) COLLATE utf8_bin NOT NULL,
  `REV_` int(11) DEFAULT NULL,
  `TYPE_` varchar(255) COLLATE utf8_bin NOT NULL,
  `NAME_` varchar(255) COLLATE utf8_bin NOT NULL,
  `EXECUTION_ID_` varchar(64) COLLATE utf8_bin DEFAULT NULL,
  `PROC_INST_ID_` varchar(64) COLLATE utf8_bin DEFAULT NULL,
  `TASK_ID_` varchar(64) COLLATE utf8_bin DEFAULT NULL,
  `BYTEARRAY_ID_` varchar(64) COLLATE utf8_bin DEFAULT NULL,
  `DOUBLE_` double DEFAULT NULL,
  `LONG_` bigint(20) DEFAULT NULL,
  `TEXT_` varchar(4000) COLLATE utf8_bin DEFAULT NULL,
  `TEXT2_` varchar(4000) COLLATE utf8_bin DEFAULT NULL,
  PRIMARY KEY (`ID_`),
  KEY `ACT_IDX_VARIABLE_TASK_ID` (`TASK_ID_`),
  KEY `ACT_FK_VAR_EXE` (`EXECUTION_ID_`),
  KEY `ACT_FK_VAR_PROCINST` (`PROC_INST_ID_`),
  KEY `ACT_FK_VAR_BYTEARRAY` (`BYTEARRAY_ID_`),
  CONSTRAINT `ACT_FK_VAR_BYTEARRAY` FOREIGN KEY (`BYTEARRAY_ID_`) REFERENCES `ACT_GE_BYTEARRAY` (`ID_`),
  CONSTRAINT `ACT_FK_VAR_EXE` FOREIGN KEY (`EXECUTION_ID_`) REFERENCES `ACT_RU_EXECUTION` (`ID_`),
  CONSTRAINT `ACT_FK_VAR_PROCINST` FOREIGN KEY (`PROC_INST_ID_`) REFERENCES `ACT_RU_EXECUTION` (`ID_`)
) ENGINE=InnoDB DEFAULT CHARSET=utf8 COLLATE=utf8_bin;

-- ----------------------------
-- Table structure for tb_department
-- ----------------------------
DROP TABLE IF EXISTS `tb_department`;
CREATE TABLE `tb_department` (
  `id` varchar(64) NOT NULL,
  `dept_name` varchar(64) DEFAULT NULL,
  `dept_phone` varchar(64) DEFAULT NULL,
  `dept_code` varchar(64) DEFAULT NULL,
  `dept_parent_id` varchar(64) DEFAULT NULL,
  `dept_address` varchar(255) DEFAULT NULL,
  `user_id` varchar(64) DEFAULT NULL,
  `remark` varchar(255) DEFAULT NULL,
  `create_time` timestamp NULL DEFAULT NULL,
  `update_time` timestamp NULL DEFAULT CURRENT_TIMESTAMP,
  PRIMARY KEY (`id`)
) ENGINE=InnoDB DEFAULT CHARSET=utf8mb4;

-- ----------------------------
-- Records of tb_department
-- ----------------------------
BEGIN;
INSERT INTO `tb_department` VALUES ('047ddd1b-d02e-4d4f-8cfd-2934e674a09f', '技术部Q', '12891389123', 'JI_SHU_BU_12w', '19c5c8e4-0a6a-4c80-84cb-70bd2da6c51b', '广白云区', '111111111111', NULL, NULL, '2020-12-09 23:27:50');
INSERT INTO `tb_department` VALUES ('1', '永健科技', NULL, 'GZ', NULL, '广州', NULL, NULL, '2020-11-30 14:14:19', '2020-11-30 14:14:23');
INSERT INTO `tb_department` VALUES ('19c5c8e4-0a6a-4c80-84cb-70bd2da6c51b', '广州公司总部', '18078542914', 'SUPER', '1', '广州', '111111111111', NULL, '2020-12-09 23:26:16', '2020-12-09 23:26:16');
INSERT INTO `tb_department` VALUES ('2', '研发部', '18078542914', 'CODE_Q123', '19c5c8e4-0a6a-4c80-84cb-70bd2da6c51b', '广州', '111111111111', NULL, '2020-11-30 11:59:28', '2020-12-09 23:28:01');
INSERT INTO `tb_department` VALUES ('4e57025a-cb38-493b-bdb4-1ad564e7a410', '市场部门', NULL, 'SHI_CHANG_BUMEN', '19c5c8e4-0a6a-4c80-84cb-70bd2da6c51b', '广州', NULL, NULL, '2020-11-30 01:43:37', '2020-12-09 23:28:07');
INSERT INTO `tb_department` VALUES ('6d4c6f7c-ab0d-4524-a996-c6ed3e30bda8', '深圳分公司', NULL, 'SHEN_ZHNE', '1', '深圳福田区', NULL, NULL, '2020-12-09 23:33:00', '2020-12-09 23:33:00');
INSERT INTO `tb_department` VALUES ('9b359246-7ed4-4c94-8914-7d35c343fb67', '销售部门', NULL, 'xiaoshou', '6d4c6f7c-ab0d-4524-a996-c6ed3e30bda8', NULL, NULL, NULL, '2020-12-09 23:33:18', '2020-12-09 23:33:18');
INSERT INTO `tb_department` VALUES ('eab46d73-c517-41c4-ae85-3b7960769662', '测试部门', NULL, 'CE_SHI', '19c5c8e4-0a6a-4c80-84cb-70bd2da6c51b', '广州', NULL, NULL, '2020-11-30 01:44:15', '2020-12-09 23:28:13');
INSERT INTO `tb_department` VALUES ('edc9f788-8817-4cdf-a862-e9df13f79775', '运维部门', NULL, 'YUNWEI', '19c5c8e4-0a6a-4c80-84cb-70bd2da6c51b', '广州', NULL, NULL, '2020-11-30 01:44:47', '2020-12-09 23:28:19');
COMMIT;

-- ----------------------------
-- Table structure for tb_permission
-- ----------------------------
DROP TABLE IF EXISTS `tb_permission`;
CREATE TABLE `tb_permission` (
  `id` varchar(64) NOT NULL,
  `per_name` varchar(65) NOT NULL,
  `parent_id` varchar(64) DEFAULT '0',
  `parent_name` varchar(64) DEFAULT NULL,
  `type` int(64) DEFAULT NULL,
  `url` varchar(255) DEFAULT NULL,
  `code` varchar(64) DEFAULT NULL,
  `icon` varchar(64) DEFAULT NULL,
  `create_time` timestamp NOT NULL DEFAULT CURRENT_TIMESTAMP ON UPDATE CURRENT_TIMESTAMP,
  `update_time` timestamp NULL DEFAULT CURRENT_TIMESTAMP,
  `deleted` int(1) DEFAULT '0',
  `status` int(1) DEFAULT '0',
  `sort` int(11) DEFAULT NULL,
  `out_join` tinyint(1) DEFAULT '0',
  `router` varchar(255) DEFAULT NULL,
  PRIMARY KEY (`id`) USING BTREE
) ENGINE=InnoDB DEFAULT CHARSET=utf8;

-- ----------------------------
-- Records of tb_permission
-- ----------------------------
BEGIN;
INSERT INTO `tb_permission` VALUES ('1', '系统管理', '0', NULL, 1, NULL, '', 'el-icon-s-tools', '2020-12-10 17:20:02', '2020-11-29 18:19:58', 0, 0, 1, 0, NULL);
INSERT INTO `tb_permission` VALUES ('10', '岗位列表', '1', NULL, 2, NULL, 'post:list', 'el-icon-document\n', '2020-11-30 23:31:20', '2020-11-30 12:44:08', 0, 0, 5, 0, '/admin/position/list');
INSERT INTO `tb_permission` VALUES ('11', '添加岗位', '10', NULL, 3, NULL, 'post:add', 'el-icon-document\n', '2020-11-30 23:31:22', '2020-11-30 16:08:54', 0, 0, 5, 0, NULL);
INSERT INTO `tb_permission` VALUES ('12', '删除岗位', '10', NULL, 3, NULL, 'post:del', 'el-icon-document\n', '2020-11-30 23:31:21', '2020-11-30 16:08:54', 0, 0, 5, 0, NULL);
INSERT INTO `tb_permission` VALUES ('13', '修改岗位', '10', NULL, 3, NULL, 'post:update', 'el-icon-document\n', '2020-11-30 23:31:23', '2020-11-30 16:08:54', 0, 0, 5, 0, NULL);
INSERT INTO `tb_permission` VALUES ('14', '工作流', '0', NULL, 1, NULL, '', 'el-icon-rank\n', '2020-12-10 17:19:49', '2020-12-10 17:18:12', 0, 0, 99, 0, NULL);
INSERT INTO `tb_permission` VALUES ('2', '用户列表', '1', NULL, 2, '', 'user:list', 'el-icon-document\n', '2020-11-30 23:31:27', '2020-11-29 21:44:36', 0, 0, 2, 0, '/admin/user/list');
INSERT INTO `tb_permission` VALUES ('3', '角色列表', '1', NULL, 2, NULL, 'role:list', 'el-icon-document\n', '2020-11-30 23:31:24', '2020-11-29 21:52:58', 0, 0, 3, 0, '/admin/role/list');
INSERT INTO `tb_permission` VALUES ('4', '菜单列表', '1', NULL, 2, NULL, 'permission:list', 'el-icon-document\n', '2020-11-30 23:31:26', '2020-11-29 21:52:58', 0, 0, 3, 0, '/admin/menu/list');
INSERT INTO `tb_permission` VALUES ('5', '添加用户', '2', NULL, 3, NULL, 'user:add', 'el-icon-document\n', '2020-11-30 23:31:25', '2020-11-30 11:26:07', 0, 0, 4, 0, NULL);
INSERT INTO `tb_permission` VALUES ('6', '删除用户', '2', NULL, 3, NULL, 'user:del', 'el-icon-document\n', '2020-11-30 23:31:28', '2020-11-30 11:26:35', 0, 0, 4, 0, NULL);
INSERT INTO `tb_permission` VALUES ('7', '修改用户', '2', NULL, 3, NULL, 'user:update', 'el-icon-document\n', '2020-11-30 23:31:29', '2020-11-30 11:26:53', 0, 0, 4, 0, NULL);
INSERT INTO `tb_permission` VALUES ('8', '密码重置', '2', NULL, 3, NULL, 'user:pwd', 'el-icon-document\n', '2020-11-30 23:31:30', '2020-11-30 11:27:23', 0, 0, 4, 0, NULL);
INSERT INTO `tb_permission` VALUES ('9', '部门列表', '1', NULL, 2, NULL, 'dept:list', 'el-icon-document\n', '2020-11-30 23:31:30', '2020-11-30 12:44:08', 0, 0, 5, 0, '/admin/department/list');
INSERT INTO `tb_permission` VALUES ('9f78fa89-55e6-46bb-bd89-d2e7d008f5c7', 'GitHub', 'fb4b796c-24bc-4894-905f-bb369b2a7635', NULL, 2, 'https://github.com/memoryoverflow', NULL, 'el-icon-s-opportunity', '2020-11-30 23:33:34', '2020-11-30 09:28:36', 0, 0, 99, 1, NULL);
INSERT INTO `tb_permission` VALUES ('9f984419-f044-4b2c-b4d2-e3a0e7403825', '我的博客', 'fb4b796c-24bc-4894-905f-bb369b2a7635', NULL, 2, 'http://thisforyou.cn:180', NULL, 'el-icon-view', '2020-11-30 10:01:31', '2020-11-30 10:01:31', 0, 0, 99, 1, NULL);
INSERT INTO `tb_permission` VALUES ('fb4b796c-24bc-4894-905f-bb369b2a7635', '外链管理', '0', NULL, 1, NULL, NULL, 'el-icon-s-promotion', '2020-11-30 23:34:11', '2020-11-30 09:15:31', 0, 0, 99, 1, NULL);
COMMIT;

-- ----------------------------
-- Table structure for tb_position
-- ----------------------------
DROP TABLE IF EXISTS `tb_position`;
CREATE TABLE `tb_position` (
  `id` varchar(64) NOT NULL,
  `position_name` varchar(64) DEFAULT NULL,
  `remark` varchar(255) DEFAULT NULL,
  `create_time` timestamp NULL DEFAULT NULL,
  `update_time` timestamp NULL DEFAULT NULL,
  `dept_id` varchar(64) DEFAULT NULL,
  `position_code` varchar(64) DEFAULT NULL,
  PRIMARY KEY (`id`)
) ENGINE=InnoDB DEFAULT CHARSET=utf8mb4;

-- ----------------------------
-- Records of tb_position
-- ----------------------------
BEGIN;
INSERT INTO `tb_position` VALUES ('1', '研发工程师', '狗逼程序员', '2020-11-30 11:59:59', '2020-11-30 02:24:49', '1', 'DOG');
INSERT INTO `tb_position` VALUES ('6490f5d1-a155-4952-a343-3c0d0b83b1c1', '清洁工', NULL, '2020-11-30 02:25:40', '2020-11-30 02:25:40', NULL, 'clear');
INSERT INTO `tb_position` VALUES ('8143ef66-3270-4043-9399-61c5c0d64a0b', 'HR', NULL, '2020-11-30 02:25:06', '2020-11-30 02:25:06', NULL, 'Hr');
INSERT INTO `tb_position` VALUES ('9280d5d3-698d-4602-830d-3e706f62658e', '项目经理', NULL, '2020-11-30 02:20:16', '2020-11-30 02:22:14', NULL, 'code');
INSERT INTO `tb_position` VALUES ('a2910aa8-b4f5-4de9-b183-0dc3fe37f272', '董事长', NULL, '2020-11-30 02:19:46', '2020-11-30 02:21:35', NULL, 'code1');
INSERT INTO `tb_position` VALUES ('c52d5c95-02a2-422c-85c4-4e53f5383e0b', '技术总监', NULL, '2020-11-30 02:24:40', '2020-11-30 02:24:40', NULL, 'JI_SHU_ZONGJIAN');
COMMIT;

-- ----------------------------
-- Table structure for tb_role
-- ----------------------------
DROP TABLE IF EXISTS `tb_role`;
CREATE TABLE `tb_role` (
  `id` varchar(64) NOT NULL,
  `role_name` varchar(255) NOT NULL,
  `remark` varchar(255) DEFAULT NULL,
  `create_time` timestamp NOT NULL DEFAULT CURRENT_TIMESTAMP ON UPDATE CURRENT_TIMESTAMP,
  `update_time` timestamp NULL DEFAULT CURRENT_TIMESTAMP,
  `code` varchar(64) DEFAULT NULL,
  PRIMARY KEY (`id`) USING BTREE
) ENGINE=InnoDB DEFAULT CHARSET=utf8;

-- ----------------------------
-- Records of tb_role
-- ----------------------------
BEGIN;
INSERT INTO `tb_role` VALUES ('1', '超级管理员', '最高权限', '2020-04-05 13:37:14', '2020-04-04 14:07:52', 'superAdmin');
INSERT INTO `tb_role` VALUES ('30', '挖掘机', '', '2020-10-24 11:42:04', '2020-10-24 11:41:17', 'wajueji');
INSERT INTO `tb_role` VALUES ('6cd3408c-8761-4ffa-a63e-81ec0cc96f53', '游客', '', '2020-12-10 00:32:51', '2020-12-10 00:32:51', 'tourist');
COMMIT;

-- ----------------------------
-- Table structure for tb_role_permission
-- ----------------------------
DROP TABLE IF EXISTS `tb_role_permission`;
CREATE TABLE `tb_role_permission` (
  `id` int(11) NOT NULL AUTO_INCREMENT,
  `role_id` varchar(64) NOT NULL,
  `permission_id` varchar(64) NOT NULL,
  PRIMARY KEY (`id`) USING BTREE
) ENGINE=InnoDB AUTO_INCREMENT=31 DEFAULT CHARSET=utf8;

-- ----------------------------
-- Records of tb_role_permission
-- ----------------------------
BEGIN;
INSERT INTO `tb_role_permission` VALUES (1, '1', '1');
INSERT INTO `tb_role_permission` VALUES (2, '1', '2');
INSERT INTO `tb_role_permission` VALUES (3, '1', '3');
INSERT INTO `tb_role_permission` VALUES (4, '1', '4');
INSERT INTO `tb_role_permission` VALUES (5, '1', '5');
INSERT INTO `tb_role_permission` VALUES (6, '1', '6');
INSERT INTO `tb_role_permission` VALUES (7, '1', '7');
INSERT INTO `tb_role_permission` VALUES (8, '1', '8');
INSERT INTO `tb_role_permission` VALUES (9, '1', '9');
INSERT INTO `tb_role_permission` VALUES (10, '1', '10');
INSERT INTO `tb_role_permission` VALUES (16, '1', 'fb4b796c-24bc-4894-905f-bb369b2a7635');
INSERT INTO `tb_role_permission` VALUES (17, '1', '9f78fa89-55e6-46bb-bd89-d2e7d008f5c7');
INSERT INTO `tb_role_permission` VALUES (18, '1', '9f984419-f044-4b2c-b4d2-e3a0e7403825');
INSERT INTO `tb_role_permission` VALUES (28, '1', '14');
INSERT INTO `tb_role_permission` VALUES (29, '1', '11');
INSERT INTO `tb_role_permission` VALUES (30, '1', '13');
COMMIT;

-- ----------------------------
-- Table structure for tb_user
-- ----------------------------
DROP TABLE IF EXISTS `tb_user`;
CREATE TABLE `tb_user` (
  `id` varchar(64) NOT NULL,
  `name` varchar(64) DEFAULT NULL,
  `login_name` varchar(64) DEFAULT NULL,
  `password` varchar(64) DEFAULT NULL,
  `phone` varchar(11) DEFAULT NULL,
  `status` int(1) DEFAULT '1',
  `update_time` timestamp NULL DEFAULT NULL,
  `create_time` timestamp NULL DEFAULT NULL,
  `deleted` int(1) DEFAULT '0',
  `email` varchar(64) DEFAULT NULL,
  `remark` varchar(255) DEFAULT NULL,
  `token` varchar(64) DEFAULT NULL,
  `position_id` varchar(64) DEFAULT NULL COMMENT '岗位id',
  `dept_id` varchar(64) DEFAULT NULL COMMENT '部门id',
  PRIMARY KEY (`id`) USING BTREE
) ENGINE=InnoDB DEFAULT CHARSET=utf8mb4;

-- ----------------------------
-- Records of tb_user
-- ----------------------------
BEGIN;
INSERT INTO `tb_user` VALUES ('111111111111', '管理员', 'admin', 'f6fdffe48c908deb0f4c3bd36c032e72', '18078542914', 1, '2020-12-10 04:05:17', '2020-11-29 17:30:46', 0, '1375668614@qq.com', NULL, '3c98ac29-2aab-4d52-8de0-98b54fa317b1', '1', '047ddd1b-d02e-4d4f-8cfd-2934e674a09f');
COMMIT;

-- ----------------------------
-- Table structure for tb_user_role
-- ----------------------------
DROP TABLE IF EXISTS `tb_user_role`;
CREATE TABLE `tb_user_role` (
  `id` int(64) NOT NULL AUTO_INCREMENT,
  `user_id` varchar(64) NOT NULL,
  `role_id` varchar(64) NOT NULL,
  PRIMARY KEY (`id`) USING BTREE
) ENGINE=InnoDB AUTO_INCREMENT=9 DEFAULT CHARSET=utf8mb4;

-- ----------------------------
-- Records of tb_user_role
-- ----------------------------
BEGIN;
INSERT INTO `tb_user_role` VALUES (5, '111111111111', '1');
COMMIT;

SET FOREIGN_KEY_CHECKS = 1;
